update_date,division,role,type_options,count_dancer
2025-01-03,Advanced,Follower,allowed,1971
2025-01-03,Advanced,Follower,required,1845
2025-01-03,Advanced,Leader,allowed,1737
2025-01-03,Advanced,Leader,required,1640
2025-01-03,All-Star,Follower,allowed,643
2025-01-03,All-Star,Follower,required,598
2025-01-03,All-Star,Leader,allowed,609
2025-01-03,All-Star,Leader,required,569
2025-01-03,Champion,Follower,allowed,181
2025-01-03,Champion,Follower,required,87
2025-01-03,Champion,Leader,allowed,179
2025-01-03,Champion,Leader,required,79
2025-01-03,Intermediate,Follower,allowed,4527
2025-01-03,Intermediate,Follower,required,3569
2025-01-03,Intermediate,Leader,allowed,3648
2025-01-03,Intermediate,Leader,required,2923
2025-01-03,Newcomer,Follower,required,10863
2025-01-03,Newcomer,Leader,required,6136
2025-01-03,Novice,Follower,allowed,20662
2025-01-03,Novice,Follower,required,11022
2025-01-03,Novice,Leader,allowed,13303
2025-01-03,Novice,Leader,required,8129
2025-01-08,Advanced,Follower,allowed,1974
2025-01-08,Advanced,Follower,required,1845
2025-01-08,Advanced,Leader,allowed,1739
2025-01-08,Advanced,Leader,required,1641
2025-01-08,All-Star,Follower,allowed,645
2025-01-08,All-Star,Follower,required,599
2025-01-08,All-Star,Leader,allowed,611
2025-01-08,All-Star,Leader,required,570
2025-01-08,Champion,Follower,allowed,181
2025-01-08,Champion,Follower,required,87
2025-01-08,Champion,Leader,allowed,180
2025-01-08,Champion,Leader,required,79
2025-01-08,Intermediate,Follower,allowed,4536
2025-01-08,Intermediate,Follower,required,3574
2025-01-08,Intermediate,Leader,allowed,3651
2025-01-08,Intermediate,Leader,required,2924
2025-01-08,Newcomer,Follower,required,10884
2025-01-08,Newcomer,Leader,required,6148
2025-01-08,Novice,Follower,allowed,20702
2025-01-08,Novice,Follower,required,11049
2025-01-08,Novice,Leader,allowed,13327
2025-01-08,Novice,Leader,required,8146
2025-01-14,Advanced,Follower,allowed,1708
2025-01-14,Advanced,Follower,required,1439
2025-01-14,Advanced,Leader,allowed,1505
2025-01-14,Advanced,Leader,required,1254
2025-01-14,All-Star,Follower,allowed,471
2025-01-14,All-Star,Follower,required,516
2025-01-14,All-Star,Leader,allowed,438
2025-01-14,All-Star,Leader,required,493
2025-01-14,Champion,Follower,allowed,181
2025-01-14,Champion,Follower,required,87
2025-01-14,Champion,Leader,allowed,180
2025-01-14,Champion,Leader,required,80
2025-01-14,Intermediate,Follower,allowed,3471
2025-01-14,Intermediate,Follower,required,2797
2025-01-14,Intermediate,Leader,allowed,2740
2025-01-14,Intermediate,Leader,required,2263
2025-01-14,Newcomer,Follower,required,10889
2025-01-14,Newcomer,Leader,required,6152
2025-01-14,Novice,Follower,allowed,22225
2025-01-14,Novice,Follower,required,12328
2025-01-14,Novice,Leader,allowed,14659
2025-01-14,Novice,Leader,required,9280
2025-01-23,Advanced,Follower,allowed,1712
2025-01-23,Advanced,Follower,required,1444
2025-01-23,Advanced,Leader,allowed,1508
2025-01-23,Advanced,Leader,required,1252
2025-01-23,All-Star,Follower,allowed,471
2025-01-23,All-Star,Follower,required,516
2025-01-23,All-Star,Leader,allowed,438
2025-01-23,All-Star,Leader,required,495
2025-01-23,Champion,Follower,allowed,181
2025-01-23,Champion,Follower,required,87
2025-01-23,Champion,Leader,allowed,181
2025-01-23,Champion,Leader,required,80
2025-01-23,Intermediate,Follower,allowed,3477
2025-01-23,Intermediate,Follower,required,2796
2025-01-23,Intermediate,Leader,allowed,2742
2025-01-23,Intermediate,Leader,required,2274
2025-01-23,Newcomer,Follower,required,10904
2025-01-23,Newcomer,Leader,required,6155
2025-01-23,Novice,Follower,allowed,22261
2025-01-23,Novice,Follower,required,12355
2025-01-23,Novice,Leader,allowed,14677
2025-01-23,Novice,Leader,required,9290
2025-01-29,Advanced,Follower,allowed,1713
2025-01-29,Advanced,Follower,required,1444
2025-01-29,Advanced,Leader,allowed,1510
2025-01-29,Advanced,Leader,required,1253
2025-01-29,All-Star,Follower,allowed,471
2025-01-29,All-Star,Follower,required,519
2025-01-29,All-Star,Leader,allowed,439
2025-01-29,All-Star,Leader,required,495
2025-01-29,Champion,Follower,allowed,181
2025-01-29,Champion,Follower,required,87
2025-01-29,Champion,Leader,allowed,181
2025-01-29,Champion,Leader,required,80
2025-01-29,Intermediate,Follower,allowed,3486
2025-01-29,Intermediate,Follower,required,2801
2025-01-29,Intermediate,Leader,allowed,2745
2025-01-29,Intermediate,Leader,required,2275
2025-01-29,Newcomer,Follower,required,10924
2025-01-29,Newcomer,Leader,required,6166
2025-01-29,Novice,Follower,allowed,22305
2025-01-29,Novice,Follower,required,12381
2025-01-29,Novice,Leader,allowed,14697
2025-01-29,Novice,Leader,required,9303
2025-02-03,Advanced,Follower,allowed,1719
2025-02-03,Advanced,Follower,required,1446
2025-02-03,Advanced,Leader,allowed,1514
2025-02-03,Advanced,Leader,required,1256
2025-02-03,All-Star,Follower,allowed,470
2025-02-03,All-Star,Follower,required,519
2025-02-03,All-Star,Leader,allowed,439
2025-02-03,All-Star,Leader,required,496
2025-02-03,Champion,Follower,allowed,183
2025-02-03,Champion,Follower,required,87
2025-02-03,Champion,Leader,allowed,181
2025-02-03,Champion,Leader,required,80
2025-02-03,Intermediate,Follower,allowed,3491
2025-02-03,Intermediate,Follower,required,2806
2025-02-03,Intermediate,Leader,allowed,2748
2025-02-03,Intermediate,Leader,required,2276
2025-02-03,Newcomer,Follower,required,10949
2025-02-03,Newcomer,Leader,required,6193
2025-02-03,Novice,Follower,allowed,22357
2025-02-03,Novice,Follower,required,12413
2025-02-03,Novice,Leader,allowed,14756
2025-02-03,Novice,Leader,required,9337
2025-02-11,Advanced,Follower,allowed,1720
2025-02-11,Advanced,Follower,required,1443
2025-02-11,Advanced,Leader,allowed,1516
2025-02-11,Advanced,Leader,required,1258
2025-02-11,All-Star,Follower,allowed,470
2025-02-11,All-Star,Follower,required,520
2025-02-11,All-Star,Leader,allowed,439
2025-02-11,All-Star,Leader,required,497
2025-02-11,Champion,Follower,allowed,183
2025-02-11,Champion,Follower,required,87
2025-02-11,Champion,Leader,allowed,181
2025-02-11,Champion,Leader,required,80
2025-02-11,Intermediate,Follower,allowed,3496
2025-02-11,Intermediate,Follower,required,2812
2025-02-11,Intermediate,Leader,allowed,2752
2025-02-11,Intermediate,Leader,required,2280
2025-02-11,Newcomer,Follower,required,10962
2025-02-11,Newcomer,Leader,required,6197
2025-02-11,Novice,Follower,allowed,22383
2025-02-11,Novice,Follower,required,12428
2025-02-11,Novice,Leader,allowed,14772
2025-02-11,Novice,Leader,required,9348
2025-02-19,Advanced,Follower,allowed,1721
2025-02-19,Advanced,Follower,required,1443
2025-02-19,Advanced,Leader,allowed,1517
2025-02-19,Advanced,Leader,required,1261
2025-02-19,All-Star,Follower,allowed,472
2025-02-19,All-Star,Follower,required,520
2025-02-19,All-Star,Leader,allowed,439
2025-02-19,All-Star,Leader,required,497
2025-02-19,Champion,Follower,allowed,183
2025-02-19,Champion,Follower,required,87
2025-02-19,Champion,Leader,allowed,181
2025-02-19,Champion,Leader,required,80
2025-02-19,Intermediate,Follower,allowed,3509
2025-02-19,Intermediate,Follower,required,2819
2025-02-19,Intermediate,Leader,allowed,2754
2025-02-19,Intermediate,Leader,required,2277
2025-02-19,Newcomer,Follower,required,10962
2025-02-19,Newcomer,Leader,required,6202
2025-02-19,Novice,Follower,allowed,22381
2025-02-19,Novice,Follower,required,12435
2025-02-19,Novice,Leader,allowed,14779
2025-02-19,Novice,Leader,required,9353
2025-02-27,Advanced,Follower,allowed,1725
2025-02-27,Advanced,Follower,required,1445
2025-02-27,Advanced,Leader,allowed,1517
2025-02-27,Advanced,Leader,required,1267
2025-02-27,All-Star,Follower,allowed,471
2025-02-27,All-Star,Follower,required,521
2025-02-27,All-Star,Leader,allowed,444
2025-02-27,All-Star,Leader,required,503
2025-02-27,Champion,Follower,allowed,183
2025-02-27,Champion,Follower,required,87
2025-02-27,Champion,Leader,allowed,181
2025-02-27,Champion,Leader,required,80
2025-02-27,Intermediate,Follower,allowed,3516
2025-02-27,Intermediate,Follower,required,2819
2025-02-27,Intermediate,Leader,allowed,2761
2025-02-27,Intermediate,Leader,required,2277
2025-02-27,Newcomer,Follower,required,10996
2025-02-27,Newcomer,Leader,required,6221
2025-02-27,Novice,Follower,allowed,22451
2025-02-27,Novice,Follower,required,12478
2025-02-27,Novice,Leader,allowed,14827
2025-02-27,Novice,Leader,required,9382
2025-03-14,Advanced,Follower,allowed,1725
2025-03-14,Advanced,Follower,required,1444
2025-03-14,Advanced,Leader,allowed,1518
2025-03-14,Advanced,Leader,required,1266
2025-03-14,All-Star,Follower,allowed,473
2025-03-14,All-Star,Follower,required,522
2025-03-14,All-Star,Leader,allowed,441
2025-03-14,All-Star,Leader,required,501
2025-03-14,Champion,Follower,allowed,183
2025-03-14,Champion,Follower,required,87
2025-03-14,Champion,Leader,allowed,181
2025-03-14,Champion,Leader,required,80
2025-03-14,Intermediate,Follower,allowed,3518
2025-03-14,Intermediate,Follower,required,2825
2025-03-14,Intermediate,Leader,allowed,2770
2025-03-14,Intermediate,Leader,required,2284
2025-03-14,Newcomer,Follower,required,11012
2025-03-14,Newcomer,Leader,required,6228
2025-03-14,Novice,Follower,allowed,22495
2025-03-14,Novice,Follower,required,12504
2025-03-14,Novice,Leader,allowed,14844
2025-03-14,Novice,Leader,required,9395
2025-03-20,Advanced,Follower,allowed,1735
2025-03-20,Advanced,Follower,required,1448
2025-03-20,Advanced,Leader,allowed,1522
2025-03-20,Advanced,Leader,required,1267
2025-03-20,All-Star,Follower,allowed,473
2025-03-20,All-Star,Follower,required,522
2025-03-20,All-Star,Leader,allowed,441
2025-03-20,All-Star,Leader,required,501
2025-03-20,Champion,Follower,allowed,183
2025-03-20,Champion,Follower,required,87
2025-03-20,Champion,Leader,allowed,181
2025-03-20,Champion,Leader,required,81
2025-03-20,Intermediate,Follower,allowed,3518
2025-03-20,Intermediate,Follower,required,2824
2025-03-20,Intermediate,Leader,allowed,2777
2025-03-20,Intermediate,Leader,required,2291
2025-03-20,Newcomer,Follower,required,11039
2025-03-20,Newcomer,Leader,required,6258
2025-03-20,Novice,Follower,allowed,22567
2025-03-20,Novice,Follower,required,12556
2025-03-20,Novice,Leader,allowed,14913
2025-03-20,Novice,Leader,required,9436
2025-03-27,Advanced,Follower,allowed,1740
2025-03-27,Advanced,Follower,required,1449
2025-03-27,Advanced,Leader,allowed,1525
2025-03-27,Advanced,Leader,required,1268
2025-03-27,All-Star,Follower,allowed,476
2025-03-27,All-Star,Follower,required,523
2025-03-27,All-Star,Leader,allowed,443
2025-03-27,All-Star,Leader,required,501
2025-03-27,Champion,Follower,allowed,183
2025-03-27,Champion,Follower,required,87
2025-03-27,Champion,Leader,allowed,181
2025-03-27,Champion,Leader,required,81
2025-03-27,Intermediate,Follower,allowed,3530
2025-03-27,Intermediate,Follower,required,2828
2025-03-27,Intermediate,Leader,allowed,2782
2025-03-27,Intermediate,Leader,required,2299
2025-03-27,Newcomer,Follower,required,11069
2025-03-27,Newcomer,Leader,required,6282
2025-03-27,Novice,Follower,allowed,22635
2025-03-27,Novice,Follower,required,12608
2025-03-27,Novice,Leader,allowed,14963
2025-03-27,Novice,Leader,required,9463
2025-04-03,Advanced,Follower,allowed,1740
2025-04-03,Advanced,Follower,required,1450
2025-04-03,Advanced,Leader,allowed,1524
2025-04-03,Advanced,Leader,required,1267
2025-04-03,All-Star,Follower,allowed,477
2025-04-03,All-Star,Follower,required,524
2025-04-03,All-Star,Leader,allowed,444
2025-04-03,All-Star,Leader,required,502
2025-04-03,Champion,Follower,allowed,183
2025-04-03,Champion,Follower,required,87
2025-04-03,Champion,Leader,allowed,181
2025-04-03,Champion,Leader,required,81
2025-04-03,Intermediate,Follower,allowed,3538
2025-04-03,Intermediate,Follower,required,2833
2025-04-03,Intermediate,Leader,allowed,2788
2025-04-03,Intermediate,Leader,required,2305
2025-04-03,Newcomer,Follower,required,11090
2025-04-03,Newcomer,Leader,required,6285
2025-04-03,Novice,Follower,allowed,22676
2025-04-03,Novice,Follower,required,12630
2025-04-03,Novice,Leader,allowed,14975
2025-04-03,Novice,Leader,required,9472
2025-04-10,Advanced,Follower,allowed,1741
2025-04-10,Advanced,Follower,required,1452
2025-04-10,Advanced,Leader,allowed,1525
2025-04-10,Advanced,Leader,required,1267
2025-04-10,All-Star,Follower,allowed,478
2025-04-10,All-Star,Follower,required,524
2025-04-10,All-Star,Leader,allowed,444
2025-04-10,All-Star,Leader,required,502
2025-04-10,Champion,Follower,allowed,183
2025-04-10,Champion,Follower,required,87
2025-04-10,Champion,Leader,allowed,181
2025-04-10,Champion,Leader,required,81
2025-04-10,Intermediate,Follower,allowed,3540
2025-04-10,Intermediate,Follower,required,2836
2025-04-10,Intermediate,Leader,allowed,2790
2025-04-10,Intermediate,Leader,required,2306
2025-04-10,Newcomer,Follower,required,11091
2025-04-10,Newcomer,Leader,required,6292
2025-04-10,Novice,Follower,allowed,22688
2025-04-10,Novice,Follower,required,12640
2025-04-10,Novice,Leader,allowed,14990
2025-04-10,Novice,Leader,required,9482
2025-04-18,Advanced,Follower,allowed,1741
2025-04-18,Advanced,Follower,required,1458
2025-04-18,Advanced,Leader,allowed,1533
2025-04-18,Advanced,Leader,required,1271
2025-04-18,All-Star,Follower,allowed,481
2025-04-18,All-Star,Follower,required,525
2025-04-18,All-Star,Leader,allowed,444
2025-04-18,All-Star,Leader,required,501
2025-04-18,Champion,Follower,allowed,183
2025-04-18,Champion,Follower,required,87
2025-04-18,Champion,Leader,allowed,181
2025-04-18,Champion,Leader,required,82
2025-04-18,Intermediate,Follower,allowed,3550
2025-04-18,Intermediate,Follower,required,2835
2025-04-18,Intermediate,Leader,allowed,2797
2025-04-18,Intermediate,Leader,required,2311
2025-04-18,Newcomer,Follower,required,11120
2025-04-18,Newcomer,Leader,required,6306
2025-04-18,Novice,Follower,allowed,22743
2025-04-18,Novice,Follower,required,12673
2025-04-18,Novice,Leader,allowed,15023
2025-04-18,Novice,Leader,required,9507
2025-04-20,Advanced,Follower,allowed,1741
2025-04-20,Advanced,Follower,required,1458
2025-04-20,Advanced,Leader,allowed,1533
2025-04-20,Advanced,Leader,required,1271
2025-04-20,All-Star,Follower,allowed,481
2025-04-20,All-Star,Follower,required,525
2025-04-20,All-Star,Leader,allowed,444
2025-04-20,All-Star,Leader,required,501
2025-04-20,Champion,Follower,allowed,183
2025-04-20,Champion,Follower,required,87
2025-04-20,Champion,Leader,allowed,181
2025-04-20,Champion,Leader,required,82
2025-04-20,Intermediate,Follower,allowed,3550
2025-04-20,Intermediate,Follower,required,2835
2025-04-20,Intermediate,Leader,allowed,2797
2025-04-20,Intermediate,Leader,required,2311
2025-04-20,Newcomer,Follower,required,11120
2025-04-20,Newcomer,Leader,required,6306
2025-04-20,Novice,Follower,allowed,22743
2025-04-20,Novice,Follower,required,12673
2025-04-20,Novice,Leader,allowed,15023
2025-04-20,Novice,Leader,required,9507
2025-04-23,Advanced,Follower,allowed,1744
2025-04-23,Advanced,Follower,required,1459
2025-04-23,Advanced,Leader,allowed,1536
2025-04-23,Advanced,Leader,required,1272
2025-04-23,All-Star,Follower,allowed,481
2025-04-23,All-Star,Follower,required,526
2025-04-23,All-Star,Leader,allowed,445
2025-04-23,All-Star,Leader,required,501
2025-04-23,Champion,Follower,allowed,184
2025-04-23,Champion,Follower,required,87
2025-04-23,Champion,Leader,allowed,182
2025-04-23,Champion,Leader,required,82
2025-04-23,Intermediate,Follower,allowed,3555
2025-04-23,Intermediate,Follower,required,2845
2025-04-23,Intermediate,Leader,allowed,2806
2025-04-23,Intermediate,Leader,required,2311
2025-04-23,Newcomer,Follower,required,11143
2025-04-23,Newcomer,Leader,required,6326
2025-04-23,Novice,Follower,allowed,22810
2025-04-23,Novice,Follower,required,12714
2025-04-23,Novice,Leader,allowed,15059
2025-04-23,Novice,Leader,required,9536
2025-04-30,Advanced,Follower,allowed,1748
2025-04-30,Advanced,Follower,required,1462
2025-04-30,Advanced,Leader,allowed,1539
2025-04-30,Advanced,Leader,required,1276
2025-04-30,All-Star,Follower,allowed,481
2025-04-30,All-Star,Follower,required,526
2025-04-30,All-Star,Leader,allowed,446
2025-04-30,All-Star,Leader,required,504
2025-04-30,Champion,Follower,allowed,184
2025-04-30,Champion,Follower,required,87
2025-04-30,Champion,Leader,allowed,182
2025-04-30,Champion,Leader,required,82
2025-04-30,Intermediate,Follower,allowed,3565
2025-04-30,Intermediate,Follower,required,2849
2025-04-30,Intermediate,Leader,allowed,2813
2025-04-30,Intermediate,Leader,required,2319
2025-04-30,Newcomer,Follower,required,11170
2025-04-30,Newcomer,Leader,required,6338
2025-04-30,Novice,Follower,allowed,22876
2025-04-30,Novice,Follower,required,12760
2025-04-30,Novice,Leader,allowed,15098
2025-04-30,Novice,Leader,required,9559
2025-05-08,Advanced,Follower,allowed,1550
2025-05-08,Advanced,Follower,required,1355
2025-05-08,Advanced,Leader,allowed,1349
2025-05-08,Advanced,Leader,required,1179
2025-05-08,All-Star,Follower,allowed,473
2025-05-08,All-Star,Follower,required,521
2025-05-08,All-Star,Leader,allowed,438
2025-05-08,All-Star,Leader,required,494
2025-05-08,Champion,Follower,allowed,183
2025-05-08,Champion,Follower,required,87
2025-05-08,Champion,Leader,allowed,182
2025-05-08,Champion,Leader,required,83
2025-05-08,Intermediate,Follower,allowed,3052
2025-05-08,Intermediate,Follower,required,2296
2025-05-08,Intermediate,Leader,allowed,2405
2025-05-08,Intermediate,Leader,required,1828
2025-05-08,Newcomer,Follower,allowed,3975
2025-05-08,Newcomer,Follower,required,5382
2025-05-08,Newcomer,Leader,allowed,2847
2025-05-08,Newcomer,Leader,required,2847
2025-05-08,Novice,Follower,allowed,10008
2025-05-08,Novice,Follower,required,9395
2025-05-08,Novice,Leader,allowed,6334
2025-05-08,Novice,Leader,required,6942
2025-05-16,Advanced,Follower,allowed,1656
2025-05-16,Advanced,Follower,required,1371
2025-05-16,Advanced,Leader,allowed,1444
2025-05-16,Advanced,Leader,required,1194
2025-05-16,All-Star,Follower,allowed,475
2025-05-16,All-Star,Follower,required,523
2025-05-16,All-Star,Leader,allowed,441
2025-05-16,All-Star,Leader,required,497
2025-05-16,Champion,Follower,allowed,183
2025-05-16,Champion,Follower,required,87
2025-05-16,Champion,Leader,allowed,182
2025-05-16,Champion,Leader,required,83
2025-05-16,Intermediate,Follower,allowed,3550
2025-05-16,Intermediate,Follower,required,2333
2025-05-16,Intermediate,Leader,allowed,2860
2025-05-16,Intermediate,Leader,required,1846
2025-05-16,Newcomer,Follower,allowed,8388
2025-05-16,Newcomer,Follower,required,9797
2025-05-16,Newcomer,Leader,allowed,6356
2025-05-16,Newcomer,Leader,required,6356
2025-05-16,Novice,Follower,allowed,12814
2025-05-16,Novice,Follower,required,11084
2025-05-16,Novice,Leader,allowed,8700
2025-05-16,Novice,Leader,required,8310
2025-05-17,Advanced,Follower,allowed,1656
2025-05-17,Advanced,Follower,required,1371
2025-05-17,Advanced,Leader,allowed,1444
2025-05-17,Advanced,Leader,required,1194
2025-05-17,All-Star,Follower,allowed,475
2025-05-17,All-Star,Follower,required,523
2025-05-17,All-Star,Leader,allowed,441
2025-05-17,All-Star,Leader,required,497
2025-05-17,Champion,Follower,allowed,183
2025-05-17,Champion,Follower,required,87
2025-05-17,Champion,Leader,allowed,182
2025-05-17,Champion,Leader,required,83
2025-05-17,Intermediate,Follower,allowed,3550
2025-05-17,Intermediate,Follower,required,2333
2025-05-17,Intermediate,Leader,allowed,2860
2025-05-17,Intermediate,Leader,required,1846
2025-05-17,Newcomer,Follower,allowed,8388
2025-05-17,Newcomer,Follower,required,9797
2025-05-17,Newcomer,Leader,allowed,6356
2025-05-17,Newcomer,Leader,required,6356
2025-05-17,Novice,Follower,allowed,12814
2025-05-17,Novice,Follower,required,11084
2025-05-17,Novice,Leader,allowed,8700
2025-05-17,Novice,Leader,required,8310
2025-05-24,Advanced,Follower,allowed,1655
2025-05-24,Advanced,Follower,required,1373
2025-05-24,Advanced,Leader,allowed,1443
2025-05-24,Advanced,Leader,required,1194
2025-05-24,All-Star,Follower,allowed,477
2025-05-24,All-Star,Follower,required,523
2025-05-24,All-Star,Leader,allowed,443
2025-05-24,All-Star,Leader,required,498
2025-05-24,Champion,Follower,allowed,183
2025-05-24,Champion,Follower,required,87
2025-05-24,Champion,Leader,allowed,182
2025-05-24,Champion,Leader,required,83
2025-05-24,Intermediate,Follower,allowed,3555
2025-05-24,Intermediate,Follower,required,2339
2025-05-24,Intermediate,Leader,allowed,2867
2025-05-24,Intermediate,Leader,required,1853
2025-05-24,Newcomer,Follower,allowed,8415
2025-05-24,Newcomer,Follower,required,9825
2025-05-24,Newcomer,Leader,allowed,6374
2025-05-24,Newcomer,Leader,required,6374
2025-05-24,Novice,Follower,allowed,12853
2025-05-24,Novice,Follower,required,11119
2025-05-24,Novice,Leader,allowed,8722
2025-05-24,Novice,Leader,required,8332
2025-05-30,Advanced,Follower,allowed,1656
2025-05-30,Advanced,Follower,required,1373
2025-05-30,Advanced,Leader,allowed,1443
2025-05-30,Advanced,Leader,required,1193
2025-05-30,All-Star,Follower,allowed,477
2025-05-30,All-Star,Follower,required,524
2025-05-30,All-Star,Leader,allowed,443
2025-05-30,All-Star,Leader,required,500
2025-05-30,Champion,Follower,allowed,183
2025-05-30,Champion,Follower,required,87
2025-05-30,Champion,Leader,allowed,183
2025-05-30,Champion,Leader,required,83
2025-05-30,Intermediate,Follower,allowed,3559
2025-05-30,Intermediate,Follower,required,2345
2025-05-30,Intermediate,Leader,allowed,2868
2025-05-30,Intermediate,Leader,required,1855
2025-05-30,Newcomer,Follower,allowed,8432
2025-05-30,Newcomer,Follower,required,9844
2025-05-30,Newcomer,Leader,allowed,6381
2025-05-30,Newcomer,Leader,required,6381
2025-05-30,Novice,Follower,allowed,12879
2025-05-30,Novice,Follower,required,11143
2025-05-30,Novice,Leader,allowed,8732
2025-05-30,Novice,Leader,required,8342
2025-06-04,Advanced,Follower,allowed,1655
2025-06-04,Advanced,Follower,required,1374
2025-06-04,Advanced,Leader,allowed,1446
2025-06-04,Advanced,Leader,required,1194
2025-06-04,All-Star,Follower,allowed,480
2025-06-04,All-Star,Follower,required,524
2025-06-04,All-Star,Leader,allowed,445
2025-06-04,All-Star,Leader,required,502
2025-06-04,Champion,Follower,allowed,183
2025-06-04,Champion,Follower,required,87
2025-06-04,Champion,Leader,allowed,183
2025-06-04,Champion,Leader,required,83
2025-06-04,Intermediate,Follower,allowed,3566
2025-06-04,Intermediate,Follower,required,2351
2025-06-04,Intermediate,Leader,allowed,2877
2025-06-04,Intermediate,Leader,required,1854
2025-06-04,Newcomer,Follower,allowed,8452
2025-06-04,Newcomer,Follower,required,9866
2025-06-04,Newcomer,Leader,allowed,6401
2025-06-04,Newcomer,Leader,required,6401
2025-06-04,Novice,Follower,allowed,12917
2025-06-04,Novice,Follower,required,11180
2025-06-04,Novice,Leader,allowed,8743
2025-06-04,Novice,Leader,required,8363
2025-06-12,Advanced,Follower,allowed,1662
2025-06-12,Advanced,Follower,required,1378
2025-06-12,Advanced,Leader,allowed,1448
2025-06-12,Advanced,Leader,required,1193
2025-06-12,All-Star,Follower,allowed,481
2025-06-12,All-Star,Follower,required,524
2025-06-12,All-Star,Leader,allowed,446
2025-06-12,All-Star,Leader,required,503
2025-06-12,Champion,Follower,allowed,183
2025-06-12,Champion,Follower,required,87
2025-06-12,Champion,Leader,allowed,183
2025-06-12,Champion,Leader,required,83
2025-06-12,Intermediate,Follower,allowed,3561
2025-06-12,Intermediate,Follower,required,2353
2025-06-12,Intermediate,Leader,allowed,2880
2025-06-12,Intermediate,Leader,required,1857
2025-06-12,Newcomer,Follower,allowed,8469
2025-06-12,Newcomer,Follower,required,9882
2025-06-12,Newcomer,Leader,allowed,6409
2025-06-12,Newcomer,Leader,required,6409
2025-06-12,Novice,Follower,allowed,12944
2025-06-12,Novice,Follower,required,11201
2025-06-12,Novice,Leader,allowed,8753
2025-06-12,Novice,Leader,required,8375
2025-06-20,Advanced,Follower,allowed,1662
2025-06-20,Advanced,Follower,required,1379
2025-06-20,Advanced,Leader,allowed,1448
2025-06-20,Advanced,Leader,required,1194
2025-06-20,All-Star,Follower,allowed,481
2025-06-20,All-Star,Follower,required,524
2025-06-20,All-Star,Leader,allowed,446
2025-06-20,All-Star,Leader,required,504
2025-06-20,Champion,Follower,allowed,183
2025-06-20,Champion,Follower,required,87
2025-06-20,Champion,Leader,allowed,183
2025-06-20,Champion,Leader,required,83
2025-06-20,Intermediate,Follower,allowed,3563
2025-06-20,Intermediate,Follower,required,2357
2025-06-20,Intermediate,Leader,allowed,2884
2025-06-20,Intermediate,Leader,required,1857
2025-06-20,Newcomer,Follower,allowed,8474
2025-06-20,Newcomer,Follower,required,9888
2025-06-20,Newcomer,Leader,allowed,6420
2025-06-20,Newcomer,Leader,required,6420
2025-06-20,Novice,Follower,allowed,12959
2025-06-20,Novice,Follower,required,11211
2025-06-20,Novice,Leader,allowed,8761
2025-06-20,Novice,Leader,required,8384
2025-06-27,Advanced,Follower,allowed,1664
2025-06-27,Advanced,Follower,required,1381
2025-06-27,Advanced,Leader,allowed,1449
2025-06-27,Advanced,Leader,required,1193
2025-06-27,All-Star,Follower,allowed,481
2025-06-27,All-Star,Follower,required,525
2025-06-27,All-Star,Leader,allowed,446
2025-06-27,All-Star,Leader,required,506
2025-06-27,Champion,Follower,allowed,183
2025-06-27,Champion,Follower,required,87
2025-06-27,Champion,Leader,allowed,183
2025-06-27,Champion,Leader,required,83
2025-06-27,Intermediate,Follower,allowed,3571
2025-06-27,Intermediate,Follower,required,2358
2025-06-27,Intermediate,Leader,allowed,2890
2025-06-27,Intermediate,Leader,required,1861
2025-06-27,Newcomer,Follower,allowed,8476
2025-06-27,Newcomer,Follower,required,9890
2025-06-27,Newcomer,Leader,allowed,6429
2025-06-27,Newcomer,Leader,required,6429
2025-06-27,Novice,Follower,allowed,12961
2025-06-27,Novice,Follower,required,11216
2025-06-27,Novice,Leader,allowed,8771
2025-06-27,Novice,Leader,required,8396
2025-07-05,Advanced,Follower,allowed,1668
2025-07-05,Advanced,Follower,required,1387
2025-07-05,Advanced,Leader,allowed,1453
2025-07-05,Advanced,Leader,required,1197
2025-07-05,All-Star,Follower,allowed,484
2025-07-05,All-Star,Follower,required,526
2025-07-05,All-Star,Leader,allowed,446
2025-07-05,All-Star,Leader,required,506
2025-07-05,Champion,Follower,allowed,183
2025-07-05,Champion,Follower,required,87
2025-07-05,Champion,Leader,allowed,183
2025-07-05,Champion,Leader,required,83
2025-07-05,Intermediate,Follower,allowed,3579
2025-07-05,Intermediate,Follower,required,2361
2025-07-05,Intermediate,Leader,allowed,2899
2025-07-05,Intermediate,Leader,required,1866
2025-07-05,Newcomer,Follower,allowed,8500
2025-07-05,Newcomer,Follower,required,9915
2025-07-05,Newcomer,Leader,allowed,6455
2025-07-05,Newcomer,Leader,required,6455
2025-07-05,Novice,Follower,allowed,13005
2025-07-05,Novice,Follower,required,11256
2025-07-05,Novice,Leader,allowed,8799
2025-07-05,Novice,Leader,required,8424
2025-07-07,Advanced,Follower,allowed,1669
2025-07-07,Advanced,Follower,required,1386
2025-07-07,Advanced,Leader,allowed,1455
2025-07-07,Advanced,Leader,required,1197
2025-07-07,All-Star,Follower,allowed,484
2025-07-07,All-Star,Follower,required,527
2025-07-07,All-Star,Leader,allowed,446
2025-07-07,All-Star,Leader,required,506
2025-07-07,Champion,Follower,allowed,183
2025-07-07,Champion,Follower,required,87
2025-07-07,Champion,Leader,allowed,183
2025-07-07,Champion,Leader,required,83
2025-07-07,Intermediate,Follower,allowed,3585
2025-07-07,Intermediate,Follower,required,2365
2025-07-07,Intermediate,Leader,allowed,2897
2025-07-07,Intermediate,Leader,required,1869
2025-07-07,Newcomer,Follower,allowed,8505
2025-07-07,Newcomer,Follower,required,9920
2025-07-07,Newcomer,Leader,allowed,6459
2025-07-07,Newcomer,Leader,required,6459
2025-07-07,Novice,Follower,allowed,13013
2025-07-07,Novice,Follower,required,11267
2025-07-07,Novice,Leader,allowed,8809
2025-07-07,Novice,Leader,required,8431
2025-07-09,Advanced,Follower,allowed,1675
2025-07-09,Advanced,Follower,required,1388
2025-07-09,Advanced,Leader,allowed,1457
2025-07-09,Advanced,Leader,required,1201
2025-07-09,All-Star,Follower,allowed,482
2025-07-09,All-Star,Follower,required,527
2025-07-09,All-Star,Leader,allowed,447
2025-07-09,All-Star,Leader,required,506
2025-07-09,Champion,Follower,allowed,185
2025-07-09,Champion,Follower,required,88
2025-07-09,Champion,Leader,allowed,183
2025-07-09,Champion,Leader,required,83
2025-07-09,Intermediate,Follower,allowed,3597
2025-07-09,Intermediate,Follower,required,2370
2025-07-09,Intermediate,Leader,allowed,2899
2025-07-09,Intermediate,Leader,required,1872
2025-07-09,Newcomer,Follower,allowed,8521
2025-07-09,Newcomer,Follower,required,9938
2025-07-09,Newcomer,Leader,allowed,6471
2025-07-09,Newcomer,Leader,required,6471
2025-07-09,Novice,Follower,allowed,13032
2025-07-09,Novice,Follower,required,11291
2025-07-09,Novice,Leader,allowed,8830
2025-07-09,Novice,Leader,required,8447
2025-07-17,Advanced,Follower,allowed,1463
2025-07-17,Advanced,Follower,required,1231
2025-07-17,Advanced,Leader,allowed,1264
2025-07-17,Advanced,Leader,required,1063
2025-07-17,All-Star,Follower,allowed,442
2025-07-17,All-Star,Follower,required,501
2025-07-17,All-Star,Leader,allowed,409
2025-07-17,All-Star,Leader,required,471
2025-07-17,Champion,Follower,allowed,184
2025-07-17,Champion,Follower,required,88
2025-07-17,Champion,Leader,allowed,181
2025-07-17,Champion,Leader,required,83
2025-07-17,Intermediate,Follower,allowed,2742
2025-07-17,Intermediate,Follower,required,1853
2025-07-17,Intermediate,Leader,allowed,2264
2025-07-17,Intermediate,Leader,required,1477
2025-07-17,Newcomer,Follower,allowed,4900
2025-07-17,Newcomer,Follower,required,6186
2025-07-17,Newcomer,Leader,allowed,3901
2025-07-17,Newcomer,Leader,required,3901
2025-07-17,Novice,Follower,allowed,8687
2025-07-17,Novice,Follower,required,6824
2025-07-17,Novice,Leader,allowed,5933
2025-07-17,Novice,Leader,required,5394
2025-07-18,Advanced,Follower,allowed,1680
2025-07-18,Advanced,Follower,required,1389
2025-07-18,Advanced,Leader,allowed,1456
2025-07-18,Advanced,Leader,required,1201
2025-07-18,All-Star,Follower,allowed,482
2025-07-18,All-Star,Follower,required,529
2025-07-18,All-Star,Leader,allowed,449
2025-07-18,All-Star,Leader,required,507
2025-07-18,Champion,Follower,allowed,185
2025-07-18,Champion,Follower,required,88
2025-07-18,Champion,Leader,allowed,183
2025-07-18,Champion,Leader,required,83
2025-07-18,Intermediate,Follower,allowed,3609
2025-07-18,Intermediate,Follower,required,2374
2025-07-18,Intermediate,Leader,allowed,2906
2025-07-18,Intermediate,Leader,required,1876
2025-07-18,Newcomer,Follower,allowed,8547
2025-07-18,Newcomer,Follower,required,9963
2025-07-18,Newcomer,Leader,allowed,6495
2025-07-18,Newcomer,Leader,required,6495
2025-07-18,Novice,Follower,allowed,13059
2025-07-18,Novice,Follower,required,11326
2025-07-18,Novice,Leader,allowed,8856
2025-07-18,Novice,Leader,required,8475
2025-07-21,Advanced,Follower,allowed,1684
2025-07-21,Advanced,Follower,required,1391
2025-07-21,Advanced,Leader,allowed,1459
2025-07-21,Advanced,Leader,required,1201
2025-07-21,All-Star,Follower,allowed,484
2025-07-21,All-Star,Follower,required,529
2025-07-21,All-Star,Leader,allowed,449
2025-07-21,All-Star,Leader,required,506
2025-07-21,Champion,Follower,allowed,185
2025-07-21,Champion,Follower,required,88
2025-07-21,Champion,Leader,allowed,183
2025-07-21,Champion,Leader,required,83
2025-07-21,Intermediate,Follower,allowed,3618
2025-07-21,Intermediate,Follower,required,2382
2025-07-21,Intermediate,Leader,allowed,2905
2025-07-21,Intermediate,Leader,required,1882
2025-07-21,Newcomer,Follower,allowed,8588
2025-07-21,Newcomer,Follower,required,10004
2025-07-21,Newcomer,Leader,allowed,6533
2025-07-21,Newcomer,Leader,required,6533
2025-07-21,Novice,Follower,allowed,13109
2025-07-21,Novice,Follower,required,11379
2025-07-21,Novice,Leader,allowed,8904
2025-07-21,Novice,Leader,required,8521
2025-07-22,Advanced,Follower,allowed,1684
2025-07-22,Advanced,Follower,required,1391
2025-07-22,Advanced,Leader,allowed,1459
2025-07-22,Advanced,Leader,required,1201
2025-07-22,All-Star,Follower,allowed,484
2025-07-22,All-Star,Follower,required,529
2025-07-22,All-Star,Leader,allowed,450
2025-07-22,All-Star,Leader,required,507
2025-07-22,Champion,Follower,allowed,185
2025-07-22,Champion,Follower,required,88
2025-07-22,Champion,Leader,allowed,183
2025-07-22,Champion,Leader,required,83
2025-07-22,Intermediate,Follower,allowed,3618
2025-07-22,Intermediate,Follower,required,2382
2025-07-22,Intermediate,Leader,allowed,2906
2025-07-22,Intermediate,Leader,required,1882
2025-07-22,Newcomer,Follower,allowed,8588
2025-07-22,Newcomer,Follower,required,10003
2025-07-22,Newcomer,Leader,allowed,6533
2025-07-22,Newcomer,Leader,required,6533
2025-07-22,Novice,Follower,allowed,13108
2025-07-22,Novice,Follower,required,11379
2025-07-22,Novice,Leader,allowed,8904
2025-07-22,Novice,Leader,required,8521
2025-07-29,Advanced,Follower,allowed,1687
2025-07-29,Advanced,Follower,required,1391
2025-07-29,Advanced,Leader,allowed,1459
2025-07-29,Advanced,Leader,required,1202
2025-07-29,All-Star,Follower,allowed,484
2025-07-29,All-Star,Follower,required,529
2025-07-29,All-Star,Leader,allowed,450
2025-07-29,All-Star,Leader,required,508
2025-07-29,Champion,Follower,allowed,185
2025-07-29,Champion,Follower,required,88
2025-07-29,Champion,Leader,allowed,183
2025-07-29,Champion,Leader,required,83
2025-07-29,Intermediate,Follower,allowed,3615
2025-07-29,Intermediate,Follower,required,2382
2025-07-29,Intermediate,Leader,allowed,2908
2025-07-29,Intermediate,Leader,required,1879
2025-07-29,Newcomer,Follower,allowed,8598
2025-07-29,Newcomer,Follower,required,10014
2025-07-29,Newcomer,Leader,allowed,6541
2025-07-29,Newcomer,Leader,required,6541
2025-07-29,Novice,Follower,allowed,13119
2025-07-29,Novice,Follower,required,11389
2025-07-29,Novice,Leader,allowed,8910
2025-07-29,Novice,Leader,required,8527
2025-08-06,Advanced,Follower,allowed,1692
2025-08-06,Advanced,Follower,required,1393
2025-08-06,Advanced,Leader,allowed,1461
2025-08-06,Advanced,Leader,required,1203
2025-08-06,All-Star,Follower,allowed,485
2025-08-06,All-Star,Follower,required,529
2025-08-06,All-Star,Leader,allowed,450
2025-08-06,All-Star,Leader,required,509
2025-08-06,Champion,Follower,allowed,185
2025-08-06,Champion,Follower,required,88
2025-08-06,Champion,Leader,allowed,183
2025-08-06,Champion,Leader,required,83
2025-08-06,Intermediate,Follower,allowed,3619
2025-08-06,Intermediate,Follower,required,2387
2025-08-06,Intermediate,Leader,allowed,2910
2025-08-06,Intermediate,Leader,required,1884
2025-08-06,Newcomer,Follower,allowed,8627
2025-08-06,Newcomer,Follower,required,10044
2025-08-06,Newcomer,Leader,allowed,6563
2025-08-06,Newcomer,Leader,required,6563
2025-08-06,Novice,Follower,allowed,13159
2025-08-06,Novice,Follower,required,11430
2025-08-06,Novice,Leader,allowed,8939
2025-08-06,Novice,Leader,required,8553
2025-08-14,Advanced,Follower,allowed,1694
2025-08-14,Advanced,Follower,required,1398
2025-08-14,Advanced,Leader,allowed,1465
2025-08-14,Advanced,Leader,required,1203
2025-08-14,All-Star,Follower,allowed,486
2025-08-14,All-Star,Follower,required,531
2025-08-14,All-Star,Leader,allowed,453
2025-08-14,All-Star,Leader,required,510
2025-08-14,Champion,Follower,allowed,185
2025-08-14,Champion,Follower,required,88
2025-08-14,Champion,Leader,allowed,183
2025-08-14,Champion,Leader,required,83
2025-08-14,Intermediate,Follower,allowed,3632
2025-08-14,Intermediate,Follower,required,2386
2025-08-14,Intermediate,Leader,allowed,2912
2025-08-14,Intermediate,Leader,required,1890
2025-08-14,Newcomer,Follower,allowed,8637
2025-08-14,Newcomer,Follower,required,10055
2025-08-14,Newcomer,Leader,allowed,6575
2025-08-14,Newcomer,Leader,required,6575
2025-08-14,Novice,Follower,allowed,13103
2025-08-14,Novice,Follower,required,11374
2025-08-14,Novice,Leader,allowed,9027
2025-08-14,Novice,Leader,required,8642
2025-08-15,Advanced,Follower,allowed,1695
2025-08-15,Advanced,Follower,required,1398
2025-08-15,Advanced,Leader,allowed,1465
2025-08-15,Advanced,Leader,required,1203
2025-08-15,All-Star,Follower,allowed,486
2025-08-15,All-Star,Follower,required,531
2025-08-15,All-Star,Leader,allowed,453
2025-08-15,All-Star,Leader,required,510
2025-08-15,Champion,Follower,allowed,185
2025-08-15,Champion,Follower,required,88
2025-08-15,Champion,Leader,allowed,183
2025-08-15,Champion,Leader,required,83
2025-08-15,Intermediate,Follower,allowed,3632
2025-08-15,Intermediate,Follower,required,2387
2025-08-15,Intermediate,Leader,allowed,2912
2025-08-15,Intermediate,Leader,required,1890
2025-08-15,Newcomer,Follower,allowed,8638
2025-08-15,Newcomer,Follower,required,10056
2025-08-15,Newcomer,Leader,allowed,6577
2025-08-15,Newcomer,Leader,required,6577
2025-08-15,Novice,Follower,allowed,13105
2025-08-15,Novice,Follower,required,11376
2025-08-15,Novice,Leader,allowed,9029
2025-08-15,Novice,Leader,required,8644
2025-08-19,Advanced,Follower,allowed,1698
2025-08-19,Advanced,Follower,required,1402
2025-08-19,Advanced,Leader,allowed,1470
2025-08-19,Advanced,Leader,required,1208
2025-08-19,All-Star,Follower,allowed,488
2025-08-19,All-Star,Follower,required,533
2025-08-19,All-Star,Leader,allowed,453
2025-08-19,All-Star,Leader,required,509
2025-08-19,Champion,Follower,allowed,185
2025-08-19,Champion,Follower,required,87
2025-08-19,Champion,Leader,allowed,183
2025-08-19,Champion,Leader,required,84
2025-08-19,Intermediate,Follower,allowed,3639
2025-08-19,Intermediate,Follower,required,2387
2025-08-19,Intermediate,Leader,allowed,2917
2025-08-19,Intermediate,Leader,required,1889
2025-08-19,Newcomer,Follower,allowed,8660
2025-08-19,Newcomer,Follower,required,10079
2025-08-19,Newcomer,Leader,allowed,6587
2025-08-19,Newcomer,Leader,required,6587
2025-08-19,Novice,Follower,allowed,13133
2025-08-19,Novice,Follower,required,11408
2025-08-19,Novice,Leader,allowed,9035
2025-08-19,Novice,Leader,required,8651
2025-08-31,Advanced,Follower,allowed,1699
2025-08-31,Advanced,Follower,required,1401
2025-08-31,Advanced,Leader,allowed,1472
2025-08-31,Advanced,Leader,required,1208
2025-08-31,All-Star,Follower,allowed,488
2025-08-31,All-Star,Follower,required,534
2025-08-31,All-Star,Leader,allowed,453
2025-08-31,All-Star,Leader,required,510
2025-08-31,Champion,Follower,allowed,186
2025-08-31,Champion,Follower,required,87
2025-08-31,Champion,Leader,allowed,183
2025-08-31,Champion,Leader,required,84
2025-08-31,Intermediate,Follower,allowed,3640
2025-08-31,Intermediate,Follower,required,2389
2025-08-31,Intermediate,Leader,allowed,2916
2025-08-31,Intermediate,Leader,required,1888
2025-08-31,Newcomer,Follower,allowed,8669
2025-08-31,Newcomer,Follower,required,10090
2025-08-31,Newcomer,Leader,allowed,6593
2025-08-31,Newcomer,Leader,required,6593
2025-08-31,Novice,Follower,allowed,13147
2025-08-31,Novice,Follower,required,11421
2025-08-31,Novice,Leader,allowed,9044
2025-08-31,Novice,Leader,required,8659
2025-09-05,Advanced,Follower,allowed,1704
2025-09-05,Advanced,Follower,required,1406
2025-09-05,Advanced,Leader,allowed,1477
2025-09-05,Advanced,Leader,required,1209
2025-09-05,All-Star,Follower,allowed,487
2025-09-05,All-Star,Follower,required,535
2025-09-05,All-Star,Leader,allowed,453
2025-09-05,All-Star,Leader,required,510
2025-09-05,Champion,Follower,allowed,187
2025-09-05,Champion,Follower,required,87
2025-09-05,Champion,Leader,allowed,183
2025-09-05,Champion,Leader,required,84
2025-09-05,Intermediate,Follower,allowed,3654
2025-09-05,Intermediate,Follower,required,2393
2025-09-05,Intermediate,Leader,allowed,2923
2025-09-05,Intermediate,Leader,required,1891
2025-09-05,Newcomer,Follower,allowed,8698
2025-09-05,Newcomer,Follower,required,10119
2025-09-05,Newcomer,Leader,allowed,6610
2025-09-05,Newcomer,Leader,required,6610
2025-09-05,Novice,Follower,allowed,13176
2025-09-05,Novice,Follower,required,11453
2025-09-05,Novice,Leader,allowed,9056
2025-09-05,Novice,Leader,required,8678
2025-09-09,Advanced,Follower,allowed,1704
2025-09-09,Advanced,Follower,required,1406
2025-09-09,Advanced,Leader,allowed,1480
2025-09-09,Advanced,Leader,required,1211
2025-09-09,All-Star,Follower,allowed,488
2025-09-09,All-Star,Follower,required,536
2025-09-09,All-Star,Leader,allowed,453
2025-09-09,All-Star,Leader,required,512
2025-09-09,Champion,Follower,allowed,187
2025-09-09,Champion,Follower,required,87
2025-09-09,Champion,Leader,allowed,183
2025-09-09,Champion,Leader,required,84
2025-09-09,Intermediate,Follower,allowed,3660
2025-09-09,Intermediate,Follower,required,2400
2025-09-09,Intermediate,Leader,allowed,2927
2025-09-09,Intermediate,Leader,required,1893
2025-09-09,Newcomer,Follower,allowed,8720
2025-09-09,Newcomer,Follower,required,10141
2025-09-09,Newcomer,Leader,allowed,6623
2025-09-09,Newcomer,Leader,required,6623
2025-09-09,Novice,Follower,allowed,13208
2025-09-09,Novice,Follower,required,11483
2025-09-09,Novice,Leader,allowed,9072
2025-09-09,Novice,Leader,required,8692
2025-09-16,Advanced,Follower,allowed,1707
2025-09-16,Advanced,Follower,required,1407
2025-09-16,Advanced,Leader,allowed,1477
2025-09-16,Advanced,Leader,required,1211
2025-09-16,All-Star,Follower,allowed,489
2025-09-16,All-Star,Follower,required,536
2025-09-16,All-Star,Leader,allowed,455
2025-09-16,All-Star,Leader,required,512
2025-09-16,Champion,Follower,allowed,187
2025-09-16,Champion,Follower,required,87
2025-09-16,Champion,Leader,allowed,183
2025-09-16,Champion,Leader,required,84
2025-09-16,Intermediate,Follower,allowed,3665
2025-09-16,Intermediate,Follower,required,2407
2025-09-16,Intermediate,Leader,allowed,2929
2025-09-16,Intermediate,Leader,required,1893
2025-09-16,Newcomer,Follower,allowed,8723
2025-09-16,Newcomer,Follower,required,10145
2025-09-16,Newcomer,Leader,allowed,6629
2025-09-16,Newcomer,Leader,required,6629
2025-09-16,Novice,Follower,allowed,13218
2025-09-16,Novice,Follower,required,11494
2025-09-16,Novice,Leader,allowed,9079
2025-09-16,Novice,Leader,required,8699
2025-09-23,Advanced,Follower,allowed,1710
2025-09-23,Advanced,Follower,required,1408
2025-09-23,Advanced,Leader,allowed,1472
2025-09-23,Advanced,Leader,required,1210
2025-09-23,All-Star,Follower,allowed,489
2025-09-23,All-Star,Follower,required,537
2025-09-23,All-Star,Leader,allowed,460
2025-09-23,All-Star,Leader,required,517
2025-09-23,Champion,Follower,allowed,189
2025-09-23,Champion,Follower,required,87
2025-09-23,Champion,Leader,allowed,183
2025-09-23,Champion,Leader,required,83
2025-09-23,Intermediate,Follower,allowed,3672
2025-09-23,Intermediate,Follower,required,2412
2025-09-23,Intermediate,Leader,allowed,2937
2025-09-23,Intermediate,Leader,required,1893
2025-09-23,Newcomer,Follower,allowed,8747
2025-09-23,Newcomer,Follower,required,10169
2025-09-23,Newcomer,Leader,allowed,6656
2025-09-23,Newcomer,Leader,required,6656
2025-09-23,Novice,Follower,allowed,13256
2025-09-23,Novice,Follower,required,11535
2025-09-23,Novice,Leader,allowed,9109
2025-09-23,Novice,Leader,required,8728
2025-09-30,Advanced,Follower,allowed,1710
2025-09-30,Advanced,Follower,required,1411
2025-09-30,Advanced,Leader,allowed,1474
2025-09-30,Advanced,Leader,required,1212
2025-09-30,All-Star,Follower,allowed,489
2025-09-30,All-Star,Follower,required,538
2025-09-30,All-Star,Leader,allowed,460
2025-09-30,All-Star,Leader,required,517
2025-09-30,Champion,Follower,allowed,189
2025-09-30,Champion,Follower,required,87
2025-09-30,Champion,Leader,allowed,183
2025-09-30,Champion,Leader,required,83
2025-09-30,Intermediate,Follower,allowed,3683
2025-09-30,Intermediate,Follower,required,2418
2025-09-30,Intermediate,Leader,allowed,2939
2025-09-30,Intermediate,Leader,required,1897
2025-09-30,Newcomer,Follower,allowed,8762
2025-09-30,Newcomer,Follower,required,10186
2025-09-30,Newcomer,Leader,allowed,6665
2025-09-30,Newcomer,Leader,required,6665
2025-09-30,Novice,Follower,allowed,13279
2025-09-30,Novice,Follower,required,11554
2025-09-30,Novice,Leader,allowed,9125
2025-09-30,Novice,Leader,required,8740
2025-10-07,Advanced,Follower,allowed,1709
2025-10-07,Advanced,Follower,required,1412
2025-10-07,Advanced,Leader,allowed,1477
2025-10-07,Advanced,Leader,required,1215
2025-10-07,All-Star,Follower,allowed,490
2025-10-07,All-Star,Follower,required,537
2025-10-07,All-Star,Leader,allowed,460
2025-10-07,All-Star,Leader,required,516
2025-10-07,Champion,Follower,allowed,190
2025-10-07,Champion,Follower,required,88
2025-10-07,Champion,Leader,allowed,183
2025-10-07,Champion,Leader,required,83
2025-10-07,Intermediate,Follower,allowed,3690
2025-10-07,Intermediate,Follower,required,2422
2025-10-07,Intermediate,Leader,allowed,2943
2025-10-07,Intermediate,Leader,required,1897
2025-10-07,Newcomer,Follower,allowed,8773
2025-10-07,Newcomer,Follower,required,10197
2025-10-07,Newcomer,Leader,allowed,6680
2025-10-07,Newcomer,Leader,required,6680
2025-10-07,Novice,Follower,allowed,13293
2025-10-07,Novice,Follower,required,11571
2025-10-07,Novice,Leader,allowed,9140
2025-10-07,Novice,Leader,required,8758
2025-10-16,Advanced,Follower,allowed,1711
2025-10-16,Advanced,Follower,required,1412
2025-10-16,Advanced,Leader,allowed,1480
2025-10-16,Advanced,Leader,required,1214
2025-10-16,All-Star,Follower,allowed,490
2025-10-16,All-Star,Follower,required,539
2025-10-16,All-Star,Leader,allowed,461
2025-10-16,All-Star,Leader,required,518
2025-10-16,Champion,Follower,allowed,190
2025-10-16,Champion,Follower,required,88
2025-10-16,Champion,Leader,allowed,184
2025-10-16,Champion,Leader,required,83
2025-10-16,Intermediate,Follower,allowed,3699
2025-10-16,Intermediate,Follower,required,2428
2025-10-16,Intermediate,Leader,allowed,2945
2025-10-16,Intermediate,Leader,required,1902
2025-10-16,Newcomer,Follower,allowed,8788
2025-10-16,Newcomer,Follower,required,10211
2025-10-16,Newcomer,Leader,allowed,6686
2025-10-16,Newcomer,Leader,required,6686
2025-10-16,Novice,Follower,allowed,13316
2025-10-16,Novice,Follower,required,11597
2025-10-16,Novice,Leader,allowed,9152
2025-10-16,Novice,Leader,required,8770
2025-10-25,Advanced,Follower,allowed,1710
2025-10-25,Advanced,Follower,required,1412
2025-10-25,Advanced,Leader,allowed,1481
2025-10-25,Advanced,Leader,required,1214
2025-10-25,All-Star,Follower,allowed,490
2025-10-25,All-Star,Follower,required,538
2025-10-25,All-Star,Leader,allowed,461
2025-10-25,All-Star,Leader,required,517
2025-10-25,Champion,Follower,allowed,190
2025-10-25,Champion,Follower,required,89
2025-10-25,Champion,Leader,allowed,184
2025-10-25,Champion,Leader,required,84
2025-10-25,Intermediate,Follower,allowed,3705
2025-10-25,Intermediate,Follower,required,2432
2025-10-25,Intermediate,Leader,allowed,2949
2025-10-25,Intermediate,Leader,required,1908
2025-10-25,Newcomer,Follower,allowed,8806
2025-10-25,Newcomer,Follower,required,10228
2025-10-25,Newcomer,Leader,allowed,6691
2025-10-25,Newcomer,Leader,required,6691
2025-10-25,Novice,Follower,allowed,13342
2025-10-25,Novice,Follower,required,11622
2025-10-25,Novice,Leader,allowed,9170
2025-10-25,Novice,Leader,required,8785
2025-10-29,Advanced,Follower,allowed,1716
2025-10-29,Advanced,Follower,required,1415
2025-10-29,Advanced,Leader,allowed,1484
2025-10-29,Advanced,Leader,required,1216
2025-10-29,All-Star,Follower,allowed,491
2025-10-29,All-Star,Follower,required,539
2025-10-29,All-Star,Leader,allowed,462
2025-10-29,All-Star,Leader,required,517
2025-10-29,Champion,Follower,allowed,190
2025-10-29,Champion,Follower,required,89
2025-10-29,Champion,Leader,allowed,184
2025-10-29,Champion,Leader,required,84
2025-10-29,Intermediate,Follower,allowed,3714
2025-10-29,Intermediate,Follower,required,2444
2025-10-29,Intermediate,Leader,allowed,2957
2025-10-29,Intermediate,Leader,required,1912
2025-10-29,Newcomer,Follower,allowed,8843
2025-10-29,Newcomer,Follower,required,10264
2025-10-29,Newcomer,Leader,allowed,6721
2025-10-29,Newcomer,Leader,required,6721
2025-10-29,Novice,Follower,allowed,13401
2025-10-29,Novice,Follower,required,11679
2025-10-29,Novice,Leader,allowed,9205
2025-10-29,Novice,Leader,required,8824
2025-11-08,Advanced,Follower,allowed,1718
2025-11-08,Advanced,Follower,required,1418
2025-11-08,Advanced,Leader,allowed,1486
2025-11-08,Advanced,Leader,required,1218
2025-11-08,All-Star,Follower,allowed,493
2025-11-08,All-Star,Follower,required,540
2025-11-08,All-Star,Leader,allowed,466
2025-11-08,All-Star,Leader,required,518
2025-11-08,Champion,Follower,allowed,191
2025-11-08,Champion,Follower,required,89
2025-11-08,Champion,Leader,allowed,184
2025-11-08,Champion,Leader,required,84
2025-11-08,Intermediate,Follower,allowed,3725
2025-11-08,Intermediate,Follower,required,2450
2025-11-08,Intermediate,Leader,allowed,2963
2025-11-08,Intermediate,Leader,required,1913
2025-11-08,Newcomer,Follower,allowed,8871
2025-11-08,Newcomer,Follower,required,10292
2025-11-08,Newcomer,Leader,allowed,6743
2025-11-08,Newcomer,Leader,required,6743
2025-11-08,Novice,Follower,allowed,13433
2025-11-08,Novice,Follower,required,11714
2025-11-08,Novice,Leader,allowed,9227
2025-11-08,Novice,Leader,required,8851
2025-11-10,Advanced,Follower,allowed,1720
2025-11-10,Advanced,Follower,required,1420
2025-11-10,Advanced,Leader,allowed,1487
2025-11-10,Advanced,Leader,required,1221
2025-11-10,All-Star,Follower,allowed,494
2025-11-10,All-Star,Follower,required,541
2025-11-10,All-Star,Leader,allowed,467
2025-11-10,All-Star,Leader,required,518
2025-11-10,Champion,Follower,allowed,191
2025-11-10,Champion,Follower,required,89
2025-11-10,Champion,Leader,allowed,184
2025-11-10,Champion,Leader,required,84
2025-11-10,Intermediate,Follower,allowed,3730
2025-11-10,Intermediate,Follower,required,2452
2025-11-10,Intermediate,Leader,allowed,2969
2025-11-10,Intermediate,Leader,required,1915
2025-11-10,Newcomer,Follower,allowed,8899
2025-11-10,Newcomer,Follower,required,10320
2025-11-10,Newcomer,Leader,allowed,6762
2025-11-10,Newcomer,Leader,required,6762
2025-11-10,Novice,Follower,allowed,13464
2025-11-10,Novice,Follower,required,11746
2025-11-10,Novice,Leader,allowed,9251
2025-11-10,Novice,Leader,required,8874
2025-11-19,Advanced,Follower,allowed,1722
2025-11-19,Advanced,Follower,required,1424
2025-11-19,Advanced,Leader,allowed,1490
2025-11-19,Advanced,Leader,required,1225
2025-11-19,All-Star,Follower,allowed,496
2025-11-19,All-Star,Follower,required,542
2025-11-19,All-Star,Leader,allowed,468
2025-11-19,All-Star,Leader,required,518
2025-11-19,Champion,Follower,allowed,191
2025-11-19,Champion,Follower,required,89
2025-11-19,Champion,Leader,allowed,184
2025-11-19,Champion,Leader,required,84
2025-11-19,Intermediate,Follower,allowed,3738
2025-11-19,Intermediate,Follower,required,2454
2025-11-19,Intermediate,Leader,allowed,2972
2025-11-19,Intermediate,Leader,required,1917
2025-11-19,Newcomer,Follower,allowed,8926
2025-11-19,Newcomer,Follower,required,10347
2025-11-19,Newcomer,Leader,allowed,6781
2025-11-19,Newcomer,Leader,required,6781
2025-11-19,Novice,Follower,allowed,13494
2025-11-19,Novice,Follower,required,11779
2025-11-19,Novice,Leader,allowed,9278
2025-11-19,Novice,Leader,required,8898
2025-11-25,Advanced,Follower,allowed,1723
2025-11-25,Advanced,Follower,required,1423
2025-11-25,Advanced,Leader,allowed,1490
2025-11-25,Advanced,Leader,required,1225
2025-11-25,All-Star,Follower,allowed,496
2025-11-25,All-Star,Follower,required,543
2025-11-25,All-Star,Leader,allowed,468
2025-11-25,All-Star,Leader,required,518
2025-11-25,Champion,Follower,allowed,191
2025-11-25,Champion,Follower,required,89
2025-11-25,Champion,Leader,allowed,184
2025-11-25,Champion,Leader,required,84
2025-11-25,Intermediate,Follower,allowed,3741
2025-11-25,Intermediate,Follower,required,2454
2025-11-25,Intermediate,Leader,allowed,2975
2025-11-25,Intermediate,Leader,required,1918
2025-11-25,Newcomer,Follower,allowed,8933
2025-11-25,Newcomer,Follower,required,10354
2025-11-25,Newcomer,Leader,allowed,6782
2025-11-25,Newcomer,Leader,required,6782
2025-11-25,Novice,Follower,allowed,13497
2025-11-25,Novice,Follower,required,11786
2025-11-25,Novice,Leader,allowed,9279
2025-11-25,Novice,Leader,required,8901
2025-12-04,Advanced,Follower,allowed,1726
2025-12-04,Advanced,Follower,required,1423
2025-12-04,Advanced,Leader,allowed,1490
2025-12-04,Advanced,Leader,required,1226
2025-12-04,All-Star,Follower,allowed,496
2025-12-04,All-Star,Follower,required,543
2025-12-04,All-Star,Leader,allowed,468
2025-12-04,All-Star,Leader,required,518
2025-12-04,Champion,Follower,allowed,191
2025-12-04,Champion,Follower,required,89
2025-12-04,Champion,Leader,allowed,184
2025-12-04,Champion,Leader,required,84
2025-12-04,Intermediate,Follower,allowed,3746
2025-12-04,Intermediate,Follower,required,2457
2025-12-04,Intermediate,Leader,allowed,2977
2025-12-04,Intermediate,Leader,required,1918
2025-12-04,Newcomer,Follower,allowed,8938
2025-12-04,Newcomer,Follower,required,10360
2025-12-04,Newcomer,Leader,allowed,6783
2025-12-04,Newcomer,Leader,required,6783
2025-12-04,Novice,Follower,allowed,13500
2025-12-04,Novice,Follower,required,11794
2025-12-04,Novice,Leader,allowed,9283
2025-12-04,Novice,Leader,required,8905
2025-12-11,Advanced,Follower,allowed,1730
2025-12-11,Advanced,Follower,required,1423
2025-12-11,Advanced,Leader,allowed,1493
2025-12-11,Advanced,Leader,required,1226
2025-12-11,All-Star,Follower,allowed,497
2025-12-11,All-Star,Follower,required,545
2025-12-11,All-Star,Leader,allowed,469
2025-12-11,All-Star,Leader,required,519
2025-12-11,Champion,Follower,allowed,191
2025-12-11,Champion,Follower,required,89
2025-12-11,Champion,Leader,allowed,184
2025-12-11,Champion,Leader,required,84
2025-12-11,Intermediate,Follower,allowed,3752
2025-12-11,Intermediate,Follower,required,2461
2025-12-11,Intermediate,Leader,allowed,2980
2025-12-11,Intermediate,Leader,required,1923
2025-12-11,Newcomer,Follower,allowed,8948
2025-12-11,Newcomer,Follower,required,10371
2025-12-11,Newcomer,Leader,allowed,6791
2025-12-11,Newcomer,Leader,required,6791
2025-12-11,Novice,Follower,allowed,13516
2025-12-11,Novice,Follower,required,11811
2025-12-11,Novice,Leader,allowed,9297
2025-12-11,Novice,Leader,required,8919
2025-12-17,Advanced,Follower,allowed,1730
2025-12-17,Advanced,Follower,required,1426
2025-12-17,Advanced,Leader,allowed,1494
2025-12-17,Advanced,Leader,required,1228
2025-12-17,All-Star,Follower,allowed,498
2025-12-17,All-Star,Follower,required,545
2025-12-17,All-Star,Leader,allowed,470
2025-12-17,All-Star,Leader,required,520
2025-12-17,Champion,Follower,allowed,191
2025-12-17,Champion,Follower,required,89
2025-12-17,Champion,Leader,allowed,184
2025-12-17,Champion,Leader,required,84
2025-12-17,Intermediate,Follower,allowed,3762
2025-12-17,Intermediate,Follower,required,2467
2025-12-17,Intermediate,Leader,allowed,2982
2025-12-17,Intermediate,Leader,required,1923
2025-12-17,Newcomer,Follower,allowed,8958
2025-12-17,Newcomer,Follower,required,10380
2025-12-17,Newcomer,Leader,allowed,6802
2025-12-17,Newcomer,Leader,required,6802
2025-12-17,Novice,Follower,allowed,13536
2025-12-17,Novice,Follower,required,11831
2025-12-17,Novice,Leader,allowed,9311
2025-12-17,Novice,Leader,required,8931
2026-01-06,Advanced,Follower,allowed,1731
2026-01-06,Advanced,Follower,required,1434
2026-01-06,Advanced,Leader,allowed,1498
2026-01-06,Advanced,Leader,required,1232
2026-01-06,All-Star,Follower,allowed,501
2026-01-06,All-Star,Follower,required,545
2026-01-06,All-Star,Leader,allowed,470
2026-01-06,All-Star,Leader,required,522
2026-01-06,Champion,Follower,allowed,191
2026-01-06,Champion,Follower,required,89
2026-01-06,Champion,Leader,allowed,186
2026-01-06,Champion,Leader,required,84
2026-01-06,Intermediate,Follower,allowed,3774
2026-01-06,Intermediate,Follower,required,2469
2026-01-06,Intermediate,Leader,allowed,2989
2026-01-06,Intermediate,Leader,required,1927
2026-01-06,Newcomer,Follower,allowed,8978
2026-01-06,Newcomer,Follower,required,10403
2026-01-06,Newcomer,Leader,allowed,6814
2026-01-06,Newcomer,Leader,required,6814
2026-01-06,Novice,Follower,allowed,13566
2026-01-06,Novice,Follower,required,11861
2026-01-06,Novice,Leader,allowed,9339
2026-01-06,Novice,Leader,required,8956
2026-01-09,Advanced,Follower,allowed,1732
2026-01-09,Advanced,Follower,required,1434
2026-01-09,Advanced,Leader,allowed,1499
2026-01-09,Advanced,Leader,required,1234
2026-01-09,All-Star,Follower,allowed,501
2026-01-09,All-Star,Follower,required,549
2026-01-09,All-Star,Leader,allowed,470
2026-01-09,All-Star,Leader,required,523
2026-01-09,Champion,Follower,allowed,191
2026-01-09,Champion,Follower,required,89
2026-01-09,Champion,Leader,allowed,186
2026-01-09,Champion,Leader,required,84
2026-01-09,Intermediate,Follower,allowed,3783
2026-01-09,Intermediate,Follower,required,2468
2026-01-09,Intermediate,Leader,allowed,2993
2026-01-09,Intermediate,Leader,required,1927
2026-01-09,Newcomer,Follower,allowed,8986
2026-01-09,Newcomer,Follower,required,10413
2026-01-09,Newcomer,Leader,allowed,6826
2026-01-09,Newcomer,Leader,required,6826
2026-01-09,Novice,Follower,allowed,13575
2026-01-09,Novice,Follower,required,11872
2026-01-09,Novice,Leader,allowed,9352
2026-01-09,Novice,Leader,required,8968
2026-01-13,Advanced,Follower,allowed,1732
2026-01-13,Advanced,Follower,required,1434
2026-01-13,Advanced,Leader,allowed,1498
2026-01-13,Advanced,Leader,required,1234
2026-01-13,All-Star,Follower,allowed,502
2026-01-13,All-Star,Follower,required,549
2026-01-13,All-Star,Leader,allowed,472
2026-01-13,All-Star,Leader,required,523
2026-01-13,Champion,Follower,allowed,191
2026-01-13,Champion,Follower,required,89
2026-01-13,Champion,Leader,allowed,186
2026-01-13,Champion,Leader,required,84
2026-01-13,Intermediate,Follower,allowed,3784
2026-01-13,Intermediate,Follower,required,2471
2026-01-13,Intermediate,Leader,allowed,2997
2026-01-13,Intermediate,Leader,required,1935
2026-01-13,Newcomer,Follower,allowed,8992
2026-01-13,Newcomer,Follower,required,10419
2026-01-13,Newcomer,Leader,allowed,6827
2026-01-13,Newcomer,Leader,required,6827
2026-01-13,Novice,Follower,allowed,13587
2026-01-13,Novice,Follower,required,11883
2026-01-13,Novice,Leader,allowed,9363
2026-01-13,Novice,Leader,required,8976
2026-01-21,Advanced,Follower,allowed,1828
2026-01-21,Advanced,Follower,required,1527
2026-01-21,Advanced,Leader,allowed,1591
2026-01-21,Advanced,Leader,required,1323
2026-01-21,All-Star,Follower,allowed,503
2026-01-21,All-Star,Follower,required,548
2026-01-21,All-Star,Leader,allowed,473
2026-01-21,All-Star,Leader,required,521
2026-01-21,Champion,Follower,allowed,191
2026-01-21,Champion,Follower,required,92
2026-01-21,Champion,Leader,allowed,187
2026-01-21,Champion,Leader,required,88
2026-01-21,Intermediate,Follower,allowed,3741
2026-01-21,Intermediate,Follower,required,2523
2026-01-21,Intermediate,Leader,allowed,2952
2026-01-21,Intermediate,Leader,required,1985
2026-01-21,Newcomer,Follower,allowed,8080
2026-01-21,Newcomer,Follower,required,9507
2026-01-21,Newcomer,Leader,allowed,6112
2026-01-21,Newcomer,Leader,required,6112
2026-01-21,Novice,Follower,allowed,13560
2026-01-21,Novice,Follower,required,11898
2026-01-21,Novice,Leader,allowed,9342
2026-01-21,Novice,Leader,required,8999
2026-01-26,Advanced,Follower,allowed,1834
2026-01-26,Advanced,Follower,required,1534
2026-01-26,Advanced,Leader,allowed,1593
2026-01-26,Advanced,Leader,required,1324
2026-01-26,All-Star,Follower,allowed,502
2026-01-26,All-Star,Follower,required,550
2026-01-26,All-Star,Leader,allowed,474
2026-01-26,All-Star,Leader,required,522
2026-01-26,Champion,Follower,allowed,192
2026-01-26,Champion,Follower,required,92
2026-01-26,Champion,Leader,allowed,187
2026-01-26,Champion,Leader,required,88
2026-01-26,Intermediate,Follower,allowed,3747
2026-01-26,Intermediate,Follower,required,2525
2026-01-26,Intermediate,Leader,allowed,2958
2026-01-26,Intermediate,Leader,required,1991
2026-01-26,Newcomer,Follower,allowed,8099
2026-01-26,Newcomer,Follower,required,9527
2026-01-26,Newcomer,Leader,allowed,6130
2026-01-26,Newcomer,Leader,required,6130
2026-01-26,Novice,Follower,allowed,13588
2026-01-26,Novice,Follower,required,11922
2026-01-26,Novice,Leader,allowed,9370
2026-01-26,Novice,Leader,required,9026
2026-02-03,Advanced,Follower,allowed,1834
2026-02-03,Advanced,Follower,required,1534
2026-02-03,Advanced,Leader,allowed,1594
2026-02-03,Advanced,Leader,required,1325
2026-02-03,All-Star,Follower,allowed,503
2026-02-03,All-Star,Follower,required,550
2026-02-03,All-Star,Leader,allowed,474
2026-02-03,All-Star,Leader,required,522
2026-02-03,Champion,Follower,allowed,192
2026-02-03,Champion,Follower,required,92
2026-02-03,Champion,Leader,allowed,187
2026-02-03,Champion,Leader,required,88
2026-02-03,Intermediate,Follower,allowed,3749
2026-02-03,Intermediate,Follower,required,2527
2026-02-03,Intermediate,Leader,allowed,2958
2026-02-03,Intermediate,Leader,required,1992
2026-02-03,Newcomer,Follower,allowed,8107
2026-02-03,Newcomer,Follower,required,9535
2026-02-03,Newcomer,Leader,allowed,6135
2026-02-03,Newcomer,Leader,required,6135
2026-02-03,Novice,Follower,allowed,13598
2026-02-03,Novice,Follower,required,11933
2026-02-03,Novice,Leader,allowed,9377
2026-02-03,Novice,Leader,required,9031
2026-02-09,Advanced,Follower,allowed,1836
2026-02-09,Advanced,Follower,required,1536
2026-02-09,Advanced,Leader,allowed,1597
2026-02-09,Advanced,Leader,required,1331
2026-02-09,All-Star,Follower,allowed,504
2026-02-09,All-Star,Follower,required,551
2026-02-09,All-Star,Leader,allowed,474
2026-02-09,All-Star,Leader,required,522
2026-02-09,Champion,Follower,allowed,192
2026-02-09,Champion,Follower,required,92
2026-02-09,Champion,Leader,allowed,187
2026-02-09,Champion,Leader,required,88
2026-02-09,Intermediate,Follower,allowed,3755
2026-02-09,Intermediate,Follower,required,2531
2026-02-09,Intermediate,Leader,allowed,2960
2026-02-09,Intermediate,Leader,required,1991
2026-02-09,Newcomer,Follower,allowed,8125
2026-02-09,Newcomer,Follower,required,9552
2026-02-09,Newcomer,Leader,allowed,6149
2026-02-09,Newcomer,Leader,required,6149
2026-02-09,Novice,Follower,allowed,13623
2026-02-09,Novice,Follower,required,11959
2026-02-09,Novice,Leader,allowed,9396
2026-02-09,Novice,Leader,required,9044
2026-02-17,Advanced,Follower,allowed,1838
2026-02-17,Advanced,Follower,required,1536
2026-02-17,Advanced,Leader,allowed,1599
2026-02-17,Advanced,Leader,required,1333
2026-02-17,All-Star,Follower,allowed,507
2026-02-17,All-Star,Follower,required,550
2026-02-17,All-Star,Leader,allowed,474
2026-02-17,All-Star,Leader,required,523
2026-02-17,Champion,Follower,allowed,192
2026-02-17,Champion,Follower,required,93
2026-02-17,Champion,Leader,allowed,187
2026-02-17,Champion,Leader,required,88
2026-02-17,Intermediate,Follower,allowed,3760
2026-02-17,Intermediate,Follower,required,2534
2026-02-17,Intermediate,Leader,allowed,2962
2026-02-17,Intermediate,Leader,required,1988
2026-02-17,Newcomer,Follower,allowed,8127
2026-02-17,Newcomer,Follower,required,9555
2026-02-17,Newcomer,Leader,allowed,6158
2026-02-17,Newcomer,Leader,required,6158
2026-02-17,Novice,Follower,allowed,13626
2026-02-17,Novice,Follower,required,11968
2026-02-17,Novice,Leader,allowed,9408
2026-02-17,Novice,Leader,required,9056
2026-02-25,Advanced,Follower,allowed,1841
2026-02-25,Advanced,Follower,required,1537
2026-02-25,Advanced,Leader,allowed,1597
2026-02-25,Advanced,Leader,required,1334
2026-02-25,All-Star,Follower,allowed,508
2026-02-25,All-Star,Follower,required,551
2026-02-25,All-Star,Leader,allowed,477
2026-02-25,All-Star,Leader,required,526
2026-02-25,Champion,Follower,allowed,192
2026-02-25,Champion,Follower,required,93
2026-02-25,Champion,Leader,allowed,187
2026-02-25,Champion,Leader,required,88
2026-02-25,Intermediate,Follower,allowed,3768
2026-02-25,Intermediate,Follower,required,2540
2026-02-25,Intermediate,Leader,allowed,2969
2026-02-25,Intermediate,Leader,required,1995
2026-02-25,Newcomer,Follower,allowed,8145
2026-02-25,Newcomer,Follower,required,9574
2026-02-25,Newcomer,Leader,allowed,6174
2026-02-25,Newcomer,Leader,required,6174
2026-02-25,Novice,Follower,allowed,13654
2026-02-25,Novice,Follower,required,11997
2026-02-25,Novice,Leader,allowed,9440
2026-02-25,Novice,Leader,required,9080
2026-03-06,Advanced,Follower,allowed,1844
2026-03-06,Advanced,Follower,required,1540
2026-03-06,Advanced,Leader,allowed,1600
2026-03-06,Advanced,Leader,required,1338
2026-03-06,All-Star,Follower,allowed,510
2026-03-06,All-Star,Follower,required,551
2026-03-06,All-Star,Leader,allowed,478
2026-03-06,All-Star,Leader,required,526
2026-03-06,Champion,Follower,allowed,192
2026-03-06,Champion,Follower,required,93
2026-03-06,Champion,Leader,allowed,187
2026-03-06,Champion,Leader,required,88
2026-03-06,Intermediate,Follower,allowed,3772
2026-03-06,Intermediate,Follower,required,2545
2026-03-06,Intermediate,Leader,allowed,2969
2026-03-06,Intermediate,Leader,required,1994
2026-03-06,Newcomer,Follower,allowed,8153
2026-03-06,Newcomer,Follower,required,9582
2026-03-06,Newcomer,Leader,allowed,6183
2026-03-06,Newcomer,Leader,required,6183
2026-03-06,Novice,Follower,allowed,13667
2026-03-06,Novice,Follower,required,12013
2026-03-06,Novice,Leader,allowed,9450
2026-03-06,Novice,Leader,required,9088
2026-03-11,Advanced,Follower,allowed,1845
2026-03-11,Advanced,Follower,required,1542
2026-03-11,Advanced,Leader,allowed,1601
2026-03-11,Advanced,Leader,required,1339
2026-03-11,All-Star,Follower,allowed,512
2026-03-11,All-Star,Follower,required,552
2026-03-11,All-Star,Leader,allowed,479
2026-03-11,All-Star,Leader,required,525
2026-03-11,Champion,Follower,allowed,193
2026-03-11,Champion,Follower,required,93
2026-03-11,Champion,Leader,allowed,188
2026-03-11,Champion,Leader,required,89
2026-03-11,Intermediate,Follower,allowed,3782
2026-03-11,Intermediate,Follower,required,2553
2026-03-11,Intermediate,Leader,allowed,2973
2026-03-11,Intermediate,Leader,required,1996
2026-03-11,Newcomer,Follower,allowed,8166
2026-03-11,Newcomer,Follower,required,9597
2026-03-11,Newcomer,Leader,allowed,6193
2026-03-11,Newcomer,Leader,required,6193
2026-03-11,Novice,Follower,allowed,13685
2026-03-11,Novice,Follower,required,12034
2026-03-11,Novice,Leader,allowed,9461
2026-03-11,Novice,Leader,required,9103
2026-03-18,Advanced,Follower,allowed,1851
2026-03-18,Advanced,Follower,required,1545
2026-03-18,Advanced,Leader,allowed,1606
2026-03-18,Advanced,Leader,required,1340
2026-03-18,All-Star,Follower,allowed,514
2026-03-18,All-Star,Follower,required,552
2026-03-18,All-Star,Leader,allowed,480
2026-03-18,All-Star,Leader,required,524
2026-03-18,Champion,Follower,allowed,194
2026-03-18,Champion,Follower,required,94
2026-03-18,Champion,Leader,allowed,188
2026-03-18,Champion,Leader,required,90
2026-03-18,Intermediate,Follower,allowed,3794
2026-03-18,Intermediate,Follower,required,2555
2026-03-18,Intermediate,Leader,allowed,2974
2026-03-18,Intermediate,Leader,required,1999
2026-03-18,Newcomer,Follower,allowed,8190
2026-03-18,Newcomer,Follower,required,9632
2026-03-18,Newcomer,Leader,allowed,6205
2026-03-18,Newcomer,Leader,required,6205
2026-03-18,Novice,Follower,allowed,13723
2026-03-18,Novice,Follower,required,12073
2026-03-18,Novice,Leader,allowed,9478
2026-03-18,Novice,Leader,required,9121
2026-03-23,Advanced,Follower,allowed,1851
2026-03-23,Advanced,Follower,required,1546
2026-03-23,Advanced,Leader,allowed,1607
2026-03-23,Advanced,Leader,required,1343
2026-03-23,All-Star,Follower,allowed,516
2026-03-23,All-Star,Follower,required,554
2026-03-23,All-Star,Leader,allowed,480
2026-03-23,All-Star,Leader,required,524
2026-03-23,Champion,Follower,allowed,194
2026-03-23,Champion,Follower,required,94
2026-03-23,Champion,Leader,allowed,188
2026-03-23,Champion,Leader,required,90
2026-03-23,Intermediate,Follower,allowed,3804
2026-03-23,Intermediate,Follower,required,2554
2026-03-23,Intermediate,Leader,allowed,2982
2026-03-23,Intermediate,Leader,required,1999
2026-03-23,Newcomer,Follower,allowed,8202
2026-03-23,Newcomer,Follower,required,9644
2026-03-23,Newcomer,Leader,allowed,6215
2026-03-23,Newcomer,Leader,required,6215
2026-03-23,Novice,Follower,allowed,13738
2026-03-23,Novice,Follower,required,12095
2026-03-23,Novice,Leader,allowed,9491
2026-03-23,Novice,Leader,required,9137
2026-04-03,Advanced,Follower,allowed,1855
2026-04-03,Advanced,Follower,required,1548
2026-04-03,Advanced,Leader,allowed,1605
2026-04-03,Advanced,Leader,required,1348
2026-04-03,All-Star,Follower,allowed,516
2026-04-03,All-Star,Follower,required,556
2026-04-03,All-Star,Leader,allowed,486
2026-04-03,All-Star,Leader,required,524
2026-04-03,Champion,Follower,allowed,194
2026-04-03,Champion,Follower,required,94
2026-04-03,Champion,Leader,allowed,188
2026-04-03,Champion,Leader,required,90
2026-04-03,Intermediate,Follower,allowed,3814
2026-04-03,Intermediate,Follower,required,2554
2026-04-03,Intermediate,Leader,allowed,2992
2026-04-03,Intermediate,Leader,required,2006
2026-04-03,Newcomer,Follower,allowed,8222
2026-04-03,Newcomer,Follower,required,9666
2026-04-03,Newcomer,Leader,allowed,6229
2026-04-03,Newcomer,Leader,required,6229
2026-04-03,Novice,Follower,allowed,13766
2026-04-03,Novice,Follower,required,12125
2026-04-03,Novice,Leader,allowed,9507
2026-04-03,Novice,Leader,required,9156
2026-04-07,Advanced,Follower,allowed,1857
2026-04-07,Advanced,Follower,required,1550
2026-04-07,Advanced,Leader,allowed,1608
2026-04-07,Advanced,Leader,required,1350
2026-04-07,All-Star,Follower,allowed,517
2026-04-07,All-Star,Follower,required,556
2026-04-07,All-Star,Leader,allowed,487
2026-04-07,All-Star,Leader,required,526
2026-04-07,Champion,Follower,allowed,194
2026-04-07,Champion,Follower,required,94
2026-04-07,Champion,Leader,allowed,189
2026-04-07,Champion,Leader,required,90
2026-04-07,Intermediate,Follower,allowed,3817
2026-04-07,Intermediate,Follower,required,2557
2026-04-07,Intermediate,Leader,allowed,2995
2026-04-07,Intermediate,Leader,required,2008
2026-04-07,Newcomer,Follower,allowed,8228
2026-04-07,Newcomer,Follower,required,9670
2026-04-07,Newcomer,Leader,allowed,6232
2026-04-07,Newcomer,Leader,required,6232
2026-04-07,Novice,Follower,allowed,13779
2026-04-07,Novice,Follower,required,12139
2026-04-07,Novice,Leader,allowed,9514
2026-04-07,Novice,Leader,required,9164
2026-04-15,Advanced,Follower,allowed,1861
2026-04-15,Advanced,Follower,required,1554
2026-04-15,Advanced,Leader,allowed,1610
2026-04-15,Advanced,Leader,required,1354
2026-04-15,All-Star,Follower,allowed,517
2026-04-15,All-Star,Follower,required,556
2026-04-15,All-Star,Leader,allowed,487
2026-04-15,All-Star,Leader,required,527
2026-04-15,Champion,Follower,allowed,195
2026-04-15,Champion,Follower,required,94
2026-04-15,Champion,Leader,allowed,190
2026-04-15,Champion,Leader,required,90
2026-04-15,Intermediate,Follower,allowed,3829
2026-04-15,Intermediate,Follower,required,2565
2026-04-15,Intermediate,Leader,allowed,3001
2026-04-15,Intermediate,Leader,required,2014
2026-04-15,Newcomer,Follower,allowed,8258
2026-04-15,Newcomer,Follower,required,9699
2026-04-15,Newcomer,Leader,allowed,6258
2026-04-15,Newcomer,Leader,required,6258
2026-04-15,Novice,Follower,allowed,13822
2026-04-15,Novice,Follower,required,12187
2026-04-15,Novice,Leader,allowed,9549
2026-04-15,Novice,Leader,required,9194
2026-04-21,Advanced,Follower,allowed,1863
2026-04-21,Advanced,Follower,required,1554
2026-04-21,Advanced,Leader,allowed,1612
2026-04-21,Advanced,Leader,required,1355
2026-04-21,All-Star,Follower,allowed,517
2026-04-21,All-Star,Follower,required,557
2026-04-21,All-Star,Leader,allowed,488
2026-04-21,All-Star,Leader,required,527
2026-04-21,Champion,Follower,allowed,195
2026-04-21,Champion,Follower,required,94
2026-04-21,Champion,Leader,allowed,190
2026-04-21,Champion,Leader,required,90
2026-04-21,Intermediate,Follower,allowed,3829
2026-04-21,Intermediate,Follower,required,2566
2026-04-21,Intermediate,Leader,allowed,3003
2026-04-21,Intermediate,Leader,required,2022
2026-04-21,Newcomer,Follower,allowed,8272
2026-04-21,Newcomer,Follower,required,9714
2026-04-21,Newcomer,Leader,allowed,6264
2026-04-21,Newcomer,Leader,required,6264
2026-04-21,Novice,Follower,allowed,13847
2026-04-21,Novice,Follower,required,12209
2026-04-21,Novice,Leader,allowed,9562
2026-04-21,Novice,Leader,required,9203
2026-04-28,Advanced,Follower,allowed,1865
2026-04-28,Advanced,Follower,required,1558
2026-04-28,Advanced,Leader,allowed,1615
2026-04-28,Advanced,Leader,required,1355
2026-04-28,All-Star,Follower,allowed,520
2026-04-28,All-Star,Follower,required,560
2026-04-28,All-Star,Leader,allowed,488
2026-04-28,All-Star,Leader,required,529
2026-04-28,Champion,Follower,allowed,196
2026-04-28,Champion,Follower,required,94
2026-04-28,Champion,Leader,allowed,190
2026-04-28,Champion,Leader,required,90
2026-04-28,Intermediate,Follower,allowed,3840
2026-04-28,Intermediate,Follower,required,2573
2026-04-28,Intermediate,Leader,allowed,3013
2026-04-28,Intermediate,Leader,required,2023
2026-04-28,Newcomer,Follower,allowed,8296
2026-04-28,Newcomer,Follower,required,9737
2026-04-28,Newcomer,Leader,allowed,6278
2026-04-28,Newcomer,Leader,required,6278
2026-04-28,Novice,Follower,allowed,13888
2026-04-28,Novice,Follower,required,12252
2026-04-28,Novice,Leader,allowed,9580
2026-04-28,Novice,Leader,required,9227
2026-05-05,Advanced,Follower,allowed,1869
2026-05-05,Advanced,Follower,required,1557
2026-05-05,Advanced,Leader,allowed,1618
2026-05-05,Advanced,Leader,required,1354
2026-05-05,All-Star,Follower,allowed,521
2026-05-05,All-Star,Follower,required,562
2026-05-05,All-Star,Leader,allowed,489
2026-05-05,All-Star,Leader,required,530
2026-05-05,Champion,Follower,allowed,196
2026-05-05,Champion,Follower,required,94
2026-05-05,Champion,Leader,allowed,190
2026-05-05,Champion,Leader,required,90
2026-05-05,Intermediate,Follower,allowed,3848
2026-05-05,Intermediate,Follower,required,2578
2026-05-05,Intermediate,Leader,allowed,3014
2026-05-05,Intermediate,Leader,required,2027
2026-05-05,Newcomer,Follower,allowed,8317
2026-05-05,Newcomer,Follower,required,9756
2026-05-05,Newcomer,Leader,allowed,6292
2026-05-05,Newcomer,Leader,required,6292
2026-05-05,Novice,Follower,allowed,13917
2026-05-05,Novice,Follower,required,12288
2026-05-05,Novice,Leader,allowed,9597
2026-05-05,Novice,Leader,required,9245
2026-05-14,Advanced,Follower,allowed,1873
2026-05-14,Advanced,Follower,required,1558
2026-05-14,Advanced,Leader,allowed,1620
2026-05-14,Advanced,Leader,required,1355
2026-05-14,All-Star,Follower,allowed,521
2026-05-14,All-Star,Follower,required,563
2026-05-14,All-Star,Leader,allowed,490
2026-05-14,All-Star,Leader,required,532
2026-05-14,Champion,Follower,allowed,196
2026-05-14,Champion,Follower,required,94
2026-05-14,Champion,Leader,allowed,190
2026-05-14,Champion,Leader,required,90
2026-05-14,Intermediate,Follower,allowed,3851
2026-05-14,Intermediate,Follower,required,2580
2026-05-14,Intermediate,Leader,allowed,3019
2026-05-14,Intermediate,Leader,required,2028
2026-05-14,Newcomer,Follower,allowed,8335
2026-05-14,Newcomer,Follower,required,9774
2026-05-14,Newcomer,Leader,allowed,6308
2026-05-14,Newcomer,Leader,required,6308
2026-05-14,Novice,Follower,allowed,13937
2026-05-14,Novice,Follower,required,12308
2026-05-14,Novice,Leader,allowed,9622
2026-05-14,Novice,Leader,required,9270
2026-05-22,Advanced,Follower,allowed,1876
2026-05-22,Advanced,Follower,required,1559
2026-05-22,Advanced,Leader,allowed,1623
2026-05-22,Advanced,Leader,required,1355
2026-05-22,All-Star,Follower,allowed,525
2026-05-22,All-Star,Follower,required,565
2026-05-22,All-Star,Leader,allowed,491
2026-05-22,All-Star,Leader,required,533
2026-05-22,Champion,Follower,allowed,196
2026-05-22,Champion,Follower,required,95
2026-05-22,Champion,Leader,allowed,190
2026-05-22,Champion,Leader,required,90
2026-05-22,Intermediate,Follower,allowed,3855
2026-05-22,Intermediate,Follower,required,2588
2026-05-22,Intermediate,Leader,allowed,3028
2026-05-22,Intermediate,Leader,required,2040
2026-05-22,Newcomer,Follower,allowed,8342
2026-05-22,Newcomer,Follower,required,9780
2026-05-22,Newcomer,Leader,allowed,6317
2026-05-22,Newcomer,Leader,required,6317
2026-05-22,Novice,Follower,allowed,13951
2026-05-22,Novice,Follower,required,12321
2026-05-22,Novice,Leader,allowed,9643
2026-05-22,Novice,Leader,required,9291
2026-05-27,Advanced,Follower,allowed,1878
2026-05-27,Advanced,Follower,required,1559
2026-05-27,Advanced,Leader,allowed,1622
2026-05-27,Advanced,Leader,required,1356
2026-05-27,All-Star,Follower,allowed,526
2026-05-27,All-Star,Follower,required,568
2026-05-27,All-Star,Leader,allowed,491
2026-05-27,All-Star,Leader,required,533
2026-05-27,Champion,Follower,allowed,196
2026-05-27,Champion,Follower,required,95
2026-05-27,Champion,Leader,allowed,190
2026-05-27,Champion,Leader,required,90
2026-05-27,Intermediate,Follower,allowed,3861
2026-05-27,Intermediate,Follower,required,2587
2026-05-27,Intermediate,Leader,allowed,3034
2026-05-27,Intermediate,Leader,required,2044
2026-05-27,Newcomer,Follower,allowed,8347
2026-05-27,Newcomer,Follower,required,9785
2026-05-27,Newcomer,Leader,allowed,6319
2026-05-27,Newcomer,Leader,required,6319
2026-05-27,Novice,Follower,allowed,13961
2026-05-27,Novice,Follower,required,12337
2026-05-27,Novice,Leader,allowed,9654
2026-05-27,Novice,Leader,required,9300
2026-06-03,Advanced,Follower,allowed,1878
2026-06-03,Advanced,Follower,required,1562
2026-06-03,Advanced,Leader,allowed,1624
2026-06-03,Advanced,Leader,required,1356
2026-06-03,All-Star,Follower,allowed,527
2026-06-03,All-Star,Follower,required,568
2026-06-03,All-Star,Leader,allowed,491
2026-06-03,All-Star,Leader,required,533
2026-06-03,Champion,Follower,allowed,196
2026-06-03,Champion,Follower,required,95
2026-06-03,Champion,Leader,allowed,190
2026-06-03,Champion,Leader,required,90
2026-06-03,Intermediate,Follower,allowed,3864
2026-06-03,Intermediate,Follower,required,2587
2026-06-03,Intermediate,Leader,allowed,3034
2026-06-03,Intermediate,Leader,required,2046
2026-06-03,Newcomer,Follower,allowed,8357
2026-06-03,Newcomer,Follower,required,9794
2026-06-03,Newcomer,Leader,allowed,6323
2026-06-03,Newcomer,Leader,required,6323
2026-06-03,Novice,Follower,allowed,13976
2026-06-03,Novice,Follower,required,12352
2026-06-03,Novice,Leader,allowed,9663
2026-06-03,Novice,Leader,required,9309
2026-06-10,Advanced,Follower,allowed,1879
2026-06-10,Advanced,Follower,required,1563
2026-06-10,Advanced,Leader,allowed,1624
2026-06-10,Advanced,Leader,required,1356
2026-06-10,All-Star,Follower,allowed,529
2026-06-10,All-Star,Follower,required,568
2026-06-10,All-Star,Leader,allowed,492
2026-06-10,All-Star,Leader,required,533
2026-06-10,Champion,Follower,allowed,197
2026-06-10,Champion,Follower,required,96
2026-06-10,Champion,Leader,allowed,190
2026-06-10,Champion,Leader,required,90
2026-06-10,Intermediate,Follower,allowed,3871
2026-06-10,Intermediate,Follower,required,2593
2026-06-10,Intermediate,Leader,allowed,3039
2026-06-10,Intermediate,Leader,required,2048
2026-06-10,Newcomer,Follower,allowed,8359
2026-06-10,Newcomer,Follower,required,9795
2026-06-10,Newcomer,Leader,allowed,6321
2026-06-10,Newcomer,Leader,required,6321
2026-06-10,Novice,Follower,allowed,13977
2026-06-10,Novice,Follower,required,12360
2026-06-10,Novice,Leader,allowed,9663
2026-06-10,Novice,Leader,required,9314
2026-06-17,Advanced,Follower,allowed,1880
2026-06-17,Advanced,Follower,required,1564
2026-06-17,Advanced,Leader,allowed,1625
2026-06-17,Advanced,Leader,required,1356
2026-06-17,All-Star,Follower,allowed,529
2026-06-17,All-Star,Follower,required,568
2026-06-17,All-Star,Leader,allowed,492
2026-06-17,All-Star,Leader,required,532
2026-06-17,Champion,Follower,allowed,197
2026-06-17,Champion,Follower,required,96
2026-06-17,Champion,Leader,allowed,190
2026-06-17,Champion,Leader,required,91
2026-06-17,Intermediate,Follower,allowed,3873
2026-06-17,Intermediate,Follower,required,2594
2026-06-17,Intermediate,Leader,allowed,3041
2026-06-17,Intermediate,Leader,required,2049
2026-06-17,Newcomer,Follower,allowed,8368
2026-06-17,Newcomer,Follower,required,9804
2026-06-17,Newcomer,Leader,allowed,6328
2026-06-17,Newcomer,Leader,required,6328
2026-06-17,Novice,Follower,allowed,13986
2026-06-17,Novice,Follower,required,12369
2026-06-17,Novice,Leader,allowed,9672
2026-06-17,Novice,Leader,required,9323
2026-06-23,Advanced,Follower,allowed,1883
2026-06-23,Advanced,Follower,required,1565
2026-06-23,Advanced,Leader,allowed,1627
2026-06-23,Advanced,Leader,required,1359
2026-06-23,All-Star,Follower,allowed,529
2026-06-23,All-Star,Follower,required,569
2026-06-23,All-Star,Leader,allowed,492
2026-06-23,All-Star,Leader,required,532
2026-06-23,Champion,Follower,allowed,197
2026-06-23,Champion,Follower,required,96
2026-06-23,Champion,Leader,allowed,190
2026-06-23,Champion,Leader,required,91
2026-06-23,Intermediate,Follower,allowed,3879
2026-06-23,Intermediate,Follower,required,2599
2026-06-23,Intermediate,Leader,allowed,3045
2026-06-23,Intermediate,Leader,required,2049
2026-06-23,Newcomer,Follower,allowed,8381
2026-06-23,Newcomer,Follower,required,9817
2026-06-23,Newcomer,Leader,allowed,6330
2026-06-23,Newcomer,Leader,required,6330
2026-06-23,Novice,Follower,allowed,14011
2026-06-23,Novice,Follower,required,12395
2026-06-23,Novice,Leader,allowed,9680
2026-06-23,Novice,Leader,required,9332
2026-06-28,Advanced,Follower,allowed,1853
2026-06-28,Advanced,Follower,required,1540
2026-06-28,Advanced,Leader,allowed,1648
2026-06-28,Advanced,Leader,required,1377
2026-06-28,All-Star,Follower,allowed,526
2026-06-28,All-Star,Follower,required,566
2026-06-28,All-Star,Leader,allowed,494
2026-06-28,All-Star,Leader,required,534
2026-06-28,Champion,Follower,allowed,197
2026-06-28,Champion,Follower,required,96
2026-06-28,Champion,Leader,allowed,190
2026-06-28,Champion,Leader,required,91
2026-06-28,Intermediate,Follower,allowed,3807
2026-06-28,Intermediate,Follower,required,2547
2026-06-28,Intermediate,Leader,allowed,3102
2026-06-28,Intermediate,Leader,required,2084
2026-06-28,Newcomer,Follower,allowed,6330
2026-06-28,Newcomer,Follower,required,7768
2026-06-28,Newcomer,Leader,allowed,8381
2026-06-28,Newcomer,Leader,required,8381
2026-06-28,Novice,Follower,allowed,13391
2026-06-28,Novice,Follower,required,11916
2026-06-28,Novice,Leader,allowed,10291
2026-06-28,Novice,Leader,required,9800
2026-06-28,nan,Follower,allowed,1074
2026-06-28,nan,Follower,required,2745
2026-06-28,nan,Leader,allowed,3072
2026-06-28,nan,Leader,required,4911
