update_date,division,role,type,count_dancer
2025-01-29,Advanced,Follower,allowed,1511
2025-01-29,Advanced,Follower,required,1334
2025-01-29,Advanced,Leader,allowed,1318
2025-01-29,Advanced,Leader,required,1159
2025-01-29,All-Star,Follower,allowed,464
2025-01-29,All-Star,Follower,required,513
2025-01-29,All-Star,Leader,allowed,428
2025-01-29,All-Star,Leader,required,485
2025-01-29,Champion,Follower,allowed,180
2025-01-29,Champion,Follower,required,87
2025-01-29,Champion,Leader,allowed,181
2025-01-29,Champion,Leader,required,80
2025-01-29,Intermediate,Follower,allowed,2927
2025-01-29,Intermediate,Follower,required,2227
2025-01-29,Intermediate,Leader,allowed,2290
2025-01-29,Intermediate,Leader,required,1776
2025-01-29,Newcomer,Follower,required,1403
2025-01-29,Novice,Follower,allowed,8996
2025-01-29,Novice,Follower,required,8514
2025-01-29,Novice,Leader,allowed,5569
2025-01-29,Novice,Leader,required,6286
2025-02-03,Advanced,Follower,allowed,1515
2025-02-03,Advanced,Follower,required,1336
2025-02-03,Advanced,Leader,allowed,1322
2025-02-03,Advanced,Leader,required,1162
2025-02-03,All-Star,Follower,allowed,463
2025-02-03,All-Star,Follower,required,513
2025-02-03,All-Star,Leader,allowed,428
2025-02-03,All-Star,Leader,required,486
2025-02-03,Champion,Follower,allowed,182
2025-02-03,Champion,Follower,required,87
2025-02-03,Champion,Leader,allowed,181
2025-02-03,Champion,Leader,required,80
2025-02-03,Intermediate,Follower,allowed,2933
2025-02-03,Intermediate,Follower,required,2230
2025-02-03,Intermediate,Leader,allowed,2293
2025-02-03,Intermediate,Leader,required,1776
2025-02-03,Newcomer,Follower,required,1403
2025-02-03,Novice,Follower,allowed,9017
2025-02-03,Novice,Follower,required,8541
2025-02-03,Novice,Leader,allowed,5595
2025-02-03,Novice,Leader,required,6315
2025-02-11,Advanced,Follower,allowed,1517
2025-02-11,Advanced,Follower,required,1334
2025-02-11,Advanced,Leader,allowed,1323
2025-02-11,Advanced,Leader,required,1163
2025-02-11,All-Star,Follower,allowed,463
2025-02-11,All-Star,Follower,required,514
2025-02-11,All-Star,Leader,allowed,428
2025-02-11,All-Star,Leader,required,487
2025-02-11,Champion,Follower,allowed,182
2025-02-11,Champion,Follower,required,87
2025-02-11,Champion,Leader,allowed,181
2025-02-11,Champion,Leader,required,80
2025-02-11,Intermediate,Follower,allowed,2935
2025-02-11,Intermediate,Follower,required,2235
2025-02-11,Intermediate,Leader,allowed,2297
2025-02-11,Intermediate,Leader,required,1779
2025-02-11,Newcomer,Follower,required,1404
2025-02-11,Novice,Follower,allowed,9029
2025-02-11,Novice,Follower,required,8552
2025-02-11,Novice,Leader,allowed,5601
2025-02-11,Novice,Leader,required,6321
2025-02-19,Advanced,Follower,allowed,1519
2025-02-19,Advanced,Follower,required,1334
2025-02-19,Advanced,Leader,allowed,1324
2025-02-19,Advanced,Leader,required,1166
2025-02-19,All-Star,Follower,allowed,464
2025-02-19,All-Star,Follower,required,514
2025-02-19,All-Star,Leader,allowed,428
2025-02-19,All-Star,Leader,required,487
2025-02-19,Champion,Follower,allowed,182
2025-02-19,Champion,Follower,required,87
2025-02-19,Champion,Leader,allowed,181
2025-02-19,Champion,Leader,required,80
2025-02-19,Intermediate,Follower,allowed,2943
2025-02-19,Intermediate,Follower,required,2241
2025-02-19,Intermediate,Leader,allowed,2300
2025-02-19,Intermediate,Leader,required,1776
2025-02-19,Newcomer,Follower,required,1404
2025-02-19,Novice,Follower,allowed,9025
2025-02-19,Novice,Follower,required,8553
2025-02-19,Novice,Leader,allowed,5602
2025-02-19,Novice,Leader,required,6326
2025-02-27,Advanced,Follower,allowed,1523
2025-02-27,Advanced,Follower,required,1336
2025-02-27,Advanced,Leader,allowed,1324
2025-02-27,Advanced,Leader,required,1171
2025-02-27,All-Star,Follower,allowed,463
2025-02-27,All-Star,Follower,required,515
2025-02-27,All-Star,Leader,allowed,431
2025-02-27,All-Star,Leader,required,492
2025-02-27,Champion,Follower,allowed,182
2025-02-27,Champion,Follower,required,87
2025-02-27,Champion,Leader,allowed,181
2025-02-27,Champion,Leader,required,80
2025-02-27,Intermediate,Follower,allowed,2948
2025-02-27,Intermediate,Follower,required,2240
2025-02-27,Intermediate,Leader,allowed,2305
2025-02-27,Intermediate,Leader,required,1773
2025-02-27,Newcomer,Follower,required,1406
2025-02-27,Novice,Follower,allowed,9057
2025-02-27,Novice,Follower,required,8589
2025-02-27,Novice,Leader,allowed,5624
2025-02-27,Novice,Leader,required,6349
2025-03-14,Advanced,Follower,allowed,1523
2025-03-14,Advanced,Follower,required,1335
2025-03-14,Advanced,Leader,allowed,1325
2025-03-14,Advanced,Leader,required,1171
2025-03-14,All-Star,Follower,allowed,465
2025-03-14,All-Star,Follower,required,516
2025-03-14,All-Star,Leader,allowed,430
2025-03-14,All-Star,Leader,required,491
2025-03-14,Champion,Follower,allowed,182
2025-03-14,Champion,Follower,required,87
2025-03-14,Champion,Leader,allowed,181
2025-03-14,Champion,Leader,required,80
2025-03-14,Intermediate,Follower,allowed,2948
2025-03-14,Intermediate,Follower,required,2245
2025-03-14,Intermediate,Leader,allowed,2312
2025-03-14,Intermediate,Leader,required,1777
2025-03-14,Newcomer,Follower,required,1406
2025-03-14,Novice,Follower,allowed,9079
2025-03-14,Novice,Follower,required,8608
2025-03-14,Novice,Leader,allowed,5629
2025-03-14,Novice,Leader,required,6358
2025-03-20,Advanced,Follower,allowed,1532
2025-03-20,Advanced,Follower,required,1338
2025-03-20,Advanced,Leader,allowed,1329
2025-03-20,Advanced,Leader,required,1171
2025-03-20,All-Star,Follower,allowed,465
2025-03-20,All-Star,Follower,required,516
2025-03-20,All-Star,Leader,allowed,430
2025-03-20,All-Star,Leader,required,491
2025-03-20,Champion,Follower,allowed,182
2025-03-20,Champion,Follower,required,87
2025-03-20,Champion,Leader,allowed,181
2025-03-20,Champion,Leader,required,81
2025-03-20,Intermediate,Follower,allowed,2948
2025-03-20,Intermediate,Follower,required,2245
2025-03-20,Intermediate,Leader,allowed,2318
2025-03-20,Intermediate,Leader,required,1784
2025-03-20,Newcomer,Follower,required,1405
2025-03-20,Novice,Follower,allowed,9111
2025-03-20,Novice,Follower,required,8647
2025-03-20,Novice,Leader,allowed,5659
2025-03-20,Novice,Leader,required,6390
2025-03-27,Advanced,Follower,allowed,1537
2025-03-27,Advanced,Follower,required,1339
2025-03-27,Advanced,Leader,allowed,1332
2025-03-27,Advanced,Leader,required,1172
2025-03-27,All-Star,Follower,allowed,468
2025-03-27,All-Star,Follower,required,517
2025-03-27,All-Star,Leader,allowed,432
2025-03-27,All-Star,Leader,required,491
2025-03-27,Champion,Follower,allowed,182
2025-03-27,Champion,Follower,required,87
2025-03-27,Champion,Leader,allowed,181
2025-03-27,Champion,Leader,required,81
2025-03-27,Intermediate,Follower,allowed,2955
2025-03-27,Intermediate,Follower,required,2249
2025-03-27,Intermediate,Leader,allowed,2320
2025-03-27,Intermediate,Leader,required,1791
2025-03-27,Newcomer,Follower,required,1405
2025-03-27,Novice,Follower,allowed,9140
2025-03-27,Novice,Follower,required,8685
2025-03-27,Novice,Leader,allowed,5682
2025-03-27,Novice,Leader,required,6412
2025-04-03,Advanced,Follower,allowed,1537
2025-04-03,Advanced,Follower,required,1340
2025-04-03,Advanced,Leader,allowed,1331
2025-04-03,Advanced,Leader,required,1171
2025-04-03,All-Star,Follower,allowed,469
2025-04-03,All-Star,Follower,required,518
2025-04-03,All-Star,Leader,allowed,433
2025-04-03,All-Star,Leader,required,492
2025-04-03,Champion,Follower,allowed,182
2025-04-03,Champion,Follower,required,87
2025-04-03,Champion,Leader,allowed,181
2025-04-03,Champion,Leader,required,81
2025-04-03,Intermediate,Follower,allowed,2963
2025-04-03,Intermediate,Follower,required,2250
2025-04-03,Intermediate,Leader,allowed,2325
2025-04-03,Intermediate,Leader,required,1796
2025-04-03,Newcomer,Follower,required,1406
2025-04-03,Novice,Follower,allowed,9156
2025-04-03,Novice,Follower,required,8706
2025-04-03,Novice,Leader,allowed,5686
2025-04-03,Novice,Leader,required,6416
2025-04-10,Advanced,Follower,allowed,1538
2025-04-10,Advanced,Follower,required,1342
2025-04-10,Advanced,Leader,allowed,1332
2025-04-10,Advanced,Leader,required,1171
2025-04-10,All-Star,Follower,allowed,470
2025-04-10,All-Star,Follower,required,518
2025-04-10,All-Star,Leader,allowed,433
2025-04-10,All-Star,Leader,required,492
2025-04-10,Champion,Follower,allowed,182
2025-04-10,Champion,Follower,required,87
2025-04-10,Champion,Leader,allowed,181
2025-04-10,Champion,Leader,required,81
2025-04-10,Intermediate,Follower,allowed,2964
2025-04-10,Intermediate,Follower,required,2253
2025-04-10,Intermediate,Leader,allowed,2327
2025-04-10,Intermediate,Leader,required,1797
2025-04-10,Newcomer,Follower,required,1406
2025-04-10,Novice,Follower,allowed,9161
2025-04-10,Novice,Follower,required,8709
2025-04-10,Novice,Leader,allowed,5692
2025-04-10,Novice,Leader,required,6424
2025-04-18,Advanced,Follower,allowed,1538
2025-04-18,Advanced,Follower,required,1348
2025-04-18,Advanced,Leader,allowed,1340
2025-04-18,Advanced,Leader,required,1174
2025-04-18,All-Star,Follower,allowed,473
2025-04-18,All-Star,Follower,required,519
2025-04-18,All-Star,Leader,allowed,433
2025-04-18,All-Star,Leader,required,491
2025-04-18,Champion,Follower,allowed,182
2025-04-18,Champion,Follower,required,87
2025-04-18,Champion,Leader,allowed,181
2025-04-18,Champion,Leader,required,82
2025-04-18,Intermediate,Follower,allowed,2972
2025-04-18,Intermediate,Follower,required,2251
2025-04-18,Intermediate,Leader,allowed,2331
2025-04-18,Intermediate,Leader,required,1802
2025-04-18,Newcomer,Follower,required,1408
2025-04-18,Novice,Follower,allowed,9184
2025-04-18,Novice,Follower,required,8736
2025-04-18,Novice,Leader,allowed,5704
2025-04-18,Novice,Leader,required,6440
2025-04-20,Advanced,Follower,allowed,1538
2025-04-20,Advanced,Follower,required,1348
2025-04-20,Advanced,Leader,allowed,1340
2025-04-20,Advanced,Leader,required,1174
2025-04-20,All-Star,Follower,allowed,473
2025-04-20,All-Star,Follower,required,519
2025-04-20,All-Star,Leader,allowed,433
2025-04-20,All-Star,Leader,required,491
2025-04-20,Champion,Follower,allowed,182
2025-04-20,Champion,Follower,required,87
2025-04-20,Champion,Leader,allowed,181
2025-04-20,Champion,Leader,required,82
2025-04-20,Intermediate,Follower,allowed,2972
2025-04-20,Intermediate,Follower,required,2251
2025-04-20,Intermediate,Leader,allowed,2331
2025-04-20,Intermediate,Leader,required,1802
2025-04-20,Newcomer,Follower,required,1408
2025-04-20,Novice,Follower,allowed,9184
2025-04-20,Novice,Follower,required,8736
2025-04-20,Novice,Leader,allowed,5704
2025-04-20,Novice,Leader,required,6440
2025-04-23,Advanced,Follower,allowed,1539
2025-04-23,Advanced,Follower,required,1349
2025-04-23,Advanced,Leader,allowed,1343
2025-04-23,Advanced,Leader,required,1175
2025-04-23,All-Star,Follower,allowed,473
2025-04-23,All-Star,Follower,required,520
2025-04-23,All-Star,Leader,allowed,434
2025-04-23,All-Star,Leader,required,491
2025-04-23,Champion,Follower,allowed,183
2025-04-23,Champion,Follower,required,87
2025-04-23,Champion,Leader,allowed,182
2025-04-23,Champion,Leader,required,82
2025-04-23,Intermediate,Follower,allowed,2979
2025-04-23,Intermediate,Follower,required,2260
2025-04-23,Intermediate,Leader,allowed,2337
2025-04-23,Intermediate,Leader,required,1802
2025-04-23,Newcomer,Follower,required,1407
2025-04-23,Novice,Follower,allowed,9213
2025-04-23,Novice,Follower,required,8764
2025-04-23,Novice,Leader,allowed,5718
2025-04-23,Novice,Leader,required,6464
2025-04-30,Advanced,Follower,allowed,1542
2025-04-30,Advanced,Follower,required,1352
2025-04-30,Advanced,Leader,allowed,1346
2025-04-30,Advanced,Leader,required,1178
2025-04-30,All-Star,Follower,allowed,473
2025-04-30,All-Star,Follower,required,520
2025-04-30,All-Star,Leader,allowed,435
2025-04-30,All-Star,Leader,required,494
2025-04-30,Champion,Follower,allowed,183
2025-04-30,Champion,Follower,required,87
2025-04-30,Champion,Leader,allowed,182
2025-04-30,Champion,Leader,required,82
2025-04-30,Intermediate,Follower,allowed,2986
2025-04-30,Intermediate,Follower,required,2264
2025-04-30,Intermediate,Leader,allowed,2343
2025-04-30,Intermediate,Leader,required,1806
2025-04-30,Newcomer,Follower,required,1409
2025-04-30,Novice,Follower,allowed,9243
2025-04-30,Novice,Follower,required,8795
2025-04-30,Novice,Leader,allowed,5733
2025-04-30,Novice,Leader,required,6479
2025-05-08,Advanced,Follower,allowed,1547
2025-05-08,Advanced,Follower,required,1352
2025-05-08,Advanced,Leader,allowed,1345
2025-05-08,Advanced,Leader,required,1175
2025-05-08,All-Star,Follower,allowed,473
2025-05-08,All-Star,Follower,required,521
2025-05-08,All-Star,Leader,allowed,438
2025-05-08,All-Star,Leader,required,494
2025-05-08,Champion,Follower,allowed,183
2025-05-08,Champion,Follower,required,87
2025-05-08,Champion,Leader,allowed,182
2025-05-08,Champion,Leader,required,83
2025-05-08,Intermediate,Follower,allowed,2987
2025-05-08,Intermediate,Follower,required,2268
2025-05-08,Intermediate,Leader,allowed,2349
2025-05-08,Intermediate,Leader,required,1808
2025-05-08,Newcomer,Follower,required,1407
2025-05-08,Novice,Follower,allowed,9261
2025-05-08,Novice,Follower,required,8816
2025-05-08,Novice,Leader,allowed,5744
2025-05-08,Novice,Leader,required,6498
2025-05-16,Advanced,Follower,allowed,1553
2025-05-16,Advanced,Follower,required,1353
2025-05-16,Advanced,Leader,allowed,1350
2025-05-16,Advanced,Leader,required,1180
2025-05-16,All-Star,Follower,allowed,473
2025-05-16,All-Star,Follower,required,521
2025-05-16,All-Star,Leader,allowed,438
2025-05-16,All-Star,Leader,required,494
2025-05-16,Champion,Follower,allowed,183
2025-05-16,Champion,Follower,required,87
2025-05-16,Champion,Leader,allowed,182
2025-05-16,Champion,Leader,required,83
2025-05-16,Intermediate,Follower,allowed,2992
2025-05-16,Intermediate,Follower,required,2274
2025-05-16,Intermediate,Leader,allowed,2356
2025-05-16,Intermediate,Leader,required,1815
2025-05-16,Newcomer,Follower,required,1409
2025-05-16,Novice,Follower,allowed,9283
2025-05-16,Novice,Follower,required,8840
2025-05-16,Novice,Leader,allowed,5751
2025-05-16,Novice,Leader,required,6505
2025-05-17,Advanced,Follower,allowed,1553
2025-05-17,Advanced,Follower,required,1353
2025-05-17,Advanced,Leader,allowed,1350
2025-05-17,Advanced,Leader,required,1180
2025-05-17,All-Star,Follower,allowed,473
2025-05-17,All-Star,Follower,required,521
2025-05-17,All-Star,Leader,allowed,438
2025-05-17,All-Star,Leader,required,494
2025-05-17,Champion,Follower,allowed,183
2025-05-17,Champion,Follower,required,87
2025-05-17,Champion,Leader,allowed,182
2025-05-17,Champion,Leader,required,83
2025-05-17,Intermediate,Follower,allowed,2992
2025-05-17,Intermediate,Follower,required,2274
2025-05-17,Intermediate,Leader,allowed,2356
2025-05-17,Intermediate,Leader,required,1815
2025-05-17,Newcomer,Follower,required,1409
2025-05-17,Novice,Follower,allowed,9283
2025-05-17,Novice,Follower,required,8840
2025-05-17,Novice,Leader,allowed,5751
2025-05-17,Novice,Leader,required,6505
2025-05-24,Advanced,Follower,allowed,1553
2025-05-24,Advanced,Follower,required,1356
2025-05-24,Advanced,Leader,allowed,1349
2025-05-24,Advanced,Leader,required,1180
2025-05-24,All-Star,Follower,allowed,475
2025-05-24,All-Star,Follower,required,521
2025-05-24,All-Star,Leader,allowed,440
2025-05-24,All-Star,Leader,required,495
2025-05-24,Champion,Follower,allowed,183
2025-05-24,Champion,Follower,required,87
2025-05-24,Champion,Leader,allowed,182
2025-05-24,Champion,Leader,required,83
2025-05-24,Intermediate,Follower,allowed,2995
2025-05-24,Intermediate,Follower,required,2278
2025-05-24,Intermediate,Leader,allowed,2361
2025-05-24,Intermediate,Leader,required,1821
2025-05-24,Newcomer,Follower,required,1410
2025-05-24,Novice,Follower,allowed,9317
2025-05-24,Novice,Follower,required,8871
2025-05-24,Novice,Leader,allowed,5768
2025-05-24,Novice,Leader,required,6521
2025-05-30,Advanced,Follower,allowed,1554
2025-05-30,Advanced,Follower,required,1356
2025-05-30,Advanced,Leader,allowed,1351
2025-05-30,Advanced,Leader,required,1180
2025-05-30,All-Star,Follower,allowed,475
2025-05-30,All-Star,Follower,required,522
2025-05-30,All-Star,Leader,allowed,439
2025-05-30,All-Star,Leader,required,496
2025-05-30,Champion,Follower,allowed,183
2025-05-30,Champion,Follower,required,87
2025-05-30,Champion,Leader,allowed,183
2025-05-30,Champion,Leader,required,83
2025-05-30,Intermediate,Follower,allowed,3001
2025-05-30,Intermediate,Follower,required,2284
2025-05-30,Intermediate,Leader,allowed,2362
2025-05-30,Intermediate,Leader,required,1823
2025-05-30,Newcomer,Follower,required,1412
2025-05-30,Novice,Follower,allowed,9337
2025-05-30,Novice,Follower,required,8889
2025-05-30,Novice,Leader,allowed,5776
2025-05-30,Novice,Leader,required,6529
2025-06-04,Advanced,Follower,allowed,1553
2025-06-04,Advanced,Follower,required,1357
2025-06-04,Advanced,Leader,allowed,1354
2025-06-04,Advanced,Leader,required,1181
2025-06-04,All-Star,Follower,allowed,478
2025-06-04,All-Star,Follower,required,522
2025-06-04,All-Star,Leader,allowed,441
2025-06-04,All-Star,Leader,required,498
2025-06-04,Champion,Follower,allowed,183
2025-06-04,Champion,Follower,required,87
2025-06-04,Champion,Leader,allowed,183
2025-06-04,Champion,Leader,required,83
2025-06-04,Intermediate,Follower,allowed,3008
2025-06-04,Intermediate,Follower,required,2290
2025-06-04,Intermediate,Leader,allowed,2368
2025-06-04,Intermediate,Leader,required,1821
2025-06-04,Newcomer,Follower,required,1414
2025-06-04,Novice,Follower,allowed,9368
2025-06-04,Novice,Follower,required,8920
2025-06-04,Novice,Leader,allowed,5788
2025-06-04,Novice,Leader,required,6551
2025-06-12,Advanced,Follower,allowed,1560
2025-06-12,Advanced,Follower,required,1361
2025-06-12,Advanced,Leader,allowed,1357
2025-06-12,Advanced,Leader,required,1181
2025-06-12,All-Star,Follower,allowed,479
2025-06-12,All-Star,Follower,required,522
2025-06-12,All-Star,Leader,allowed,442
2025-06-12,All-Star,Leader,required,499
2025-06-12,Champion,Follower,allowed,183
2025-06-12,Champion,Follower,required,87
2025-06-12,Champion,Leader,allowed,183
2025-06-12,Champion,Leader,required,83
2025-06-12,Intermediate,Follower,allowed,3003
2025-06-12,Intermediate,Follower,required,2292
2025-06-12,Intermediate,Leader,allowed,2371
2025-06-12,Intermediate,Leader,required,1825
2025-06-12,Newcomer,Follower,required,1413
2025-06-12,Novice,Follower,allowed,9389
2025-06-12,Novice,Follower,required,8939
2025-06-12,Novice,Leader,allowed,5794
2025-06-12,Novice,Leader,required,6559
2025-06-20,Advanced,Follower,allowed,1560
2025-06-20,Advanced,Follower,required,1362
2025-06-20,Advanced,Leader,allowed,1357
2025-06-20,Advanced,Leader,required,1182
2025-06-20,All-Star,Follower,allowed,479
2025-06-20,All-Star,Follower,required,522
2025-06-20,All-Star,Leader,allowed,442
2025-06-20,All-Star,Leader,required,500
2025-06-20,Champion,Follower,allowed,183
2025-06-20,Champion,Follower,required,87
2025-06-20,Champion,Leader,allowed,183
2025-06-20,Champion,Leader,required,83
2025-06-20,Intermediate,Follower,allowed,3005
2025-06-20,Intermediate,Follower,required,2296
2025-06-20,Intermediate,Leader,allowed,2373
2025-06-20,Intermediate,Leader,required,1824
2025-06-20,Newcomer,Follower,required,1414
2025-06-20,Novice,Follower,allowed,9399
2025-06-20,Novice,Follower,required,8945
2025-06-20,Novice,Leader,allowed,5803
2025-06-20,Novice,Leader,required,6569
2025-06-27,Advanced,Follower,allowed,1562
2025-06-27,Advanced,Follower,required,1364
2025-06-27,Advanced,Leader,allowed,1358
2025-06-27,Advanced,Leader,required,1181
2025-06-27,All-Star,Follower,allowed,479
2025-06-27,All-Star,Follower,required,523
2025-06-27,All-Star,Leader,allowed,442
2025-06-27,All-Star,Leader,required,502
2025-06-27,Champion,Follower,allowed,183
2025-06-27,Champion,Follower,required,87
2025-06-27,Champion,Leader,allowed,183
2025-06-27,Champion,Leader,required,83
2025-06-27,Intermediate,Follower,allowed,3012
2025-06-27,Intermediate,Follower,required,2297
2025-06-27,Intermediate,Leader,allowed,2376
2025-06-27,Intermediate,Leader,required,1827
2025-06-27,Newcomer,Follower,required,1414
2025-06-27,Novice,Follower,allowed,9398
2025-06-27,Novice,Follower,required,8949
2025-06-27,Novice,Leader,allowed,5812
2025-06-27,Novice,Leader,required,6578
2025-07-05,Advanced,Follower,allowed,1565
2025-07-05,Advanced,Follower,required,1369
2025-07-05,Advanced,Leader,allowed,1360
2025-07-05,Advanced,Leader,required,1184
2025-07-05,All-Star,Follower,allowed,482
2025-07-05,All-Star,Follower,required,524
2025-07-05,All-Star,Leader,allowed,443
2025-07-05,All-Star,Leader,required,503
2025-07-05,Champion,Follower,allowed,183
2025-07-05,Champion,Follower,required,87
2025-07-05,Champion,Leader,allowed,183
2025-07-05,Champion,Leader,required,83
2025-07-05,Intermediate,Follower,allowed,3017
2025-07-05,Intermediate,Follower,required,2300
2025-07-05,Intermediate,Leader,allowed,2383
2025-07-05,Intermediate,Leader,required,1831
2025-07-05,Newcomer,Follower,required,1415
2025-07-05,Novice,Follower,allowed,9434
2025-07-05,Novice,Follower,required,8986
2025-07-05,Novice,Leader,allowed,5833
2025-07-05,Novice,Leader,required,6601
2025-07-07,Advanced,Follower,allowed,1566
2025-07-07,Advanced,Follower,required,1368
2025-07-07,Advanced,Leader,allowed,1362
2025-07-07,Advanced,Leader,required,1184
2025-07-07,All-Star,Follower,allowed,482
2025-07-07,All-Star,Follower,required,525
2025-07-07,All-Star,Leader,allowed,443
2025-07-07,All-Star,Leader,required,503
2025-07-07,Champion,Follower,allowed,183
2025-07-07,Champion,Follower,required,87
2025-07-07,Champion,Leader,allowed,183
2025-07-07,Champion,Leader,required,83
2025-07-07,Intermediate,Follower,allowed,3022
2025-07-07,Intermediate,Follower,required,2304
2025-07-07,Intermediate,Leader,allowed,2381
2025-07-07,Intermediate,Leader,required,1834
2025-07-07,Newcomer,Follower,required,1415
2025-07-07,Novice,Follower,allowed,9439
2025-07-07,Novice,Follower,required,8993
2025-07-07,Novice,Leader,allowed,5840
2025-07-07,Novice,Leader,required,6605
2025-07-09,Advanced,Follower,allowed,1571
2025-07-09,Advanced,Follower,required,1370
2025-07-09,Advanced,Leader,allowed,1364
2025-07-09,Advanced,Leader,required,1188
2025-07-09,All-Star,Follower,allowed,480
2025-07-09,All-Star,Follower,required,525
2025-07-09,All-Star,Leader,allowed,444
2025-07-09,All-Star,Leader,required,503
2025-07-09,Champion,Follower,allowed,185
2025-07-09,Champion,Follower,required,88
2025-07-09,Champion,Leader,allowed,183
2025-07-09,Champion,Leader,required,83
2025-07-09,Intermediate,Follower,allowed,3034
2025-07-09,Intermediate,Follower,required,2309
2025-07-09,Intermediate,Leader,allowed,2384
2025-07-09,Intermediate,Leader,required,1837
2025-07-09,Newcomer,Follower,required,1417
2025-07-09,Novice,Follower,allowed,9453
2025-07-09,Novice,Follower,required,9014
2025-07-09,Novice,Leader,allowed,5854
2025-07-09,Novice,Leader,required,6618
2025-07-17,Advanced,Follower,allowed,1362
2025-07-17,Advanced,Follower,required,1216
2025-07-17,Advanced,Leader,allowed,1175
2025-07-17,Advanced,Leader,required,1054
2025-07-17,All-Star,Follower,allowed,440
2025-07-17,All-Star,Follower,required,499
2025-07-17,All-Star,Leader,allowed,406
2025-07-17,All-Star,Leader,required,468
2025-07-17,Champion,Follower,allowed,184
2025-07-17,Champion,Follower,required,88
2025-07-17,Champion,Leader,allowed,181
2025-07-17,Champion,Leader,required,83
2025-07-17,Intermediate,Follower,allowed,2222
2025-07-17,Intermediate,Follower,required,1812
2025-07-17,Intermediate,Leader,allowed,1800
2025-07-17,Intermediate,Leader,required,1462
2025-07-17,Newcomer,Follower,required,1286
2025-07-17,Novice,Follower,allowed,5725
2025-07-17,Novice,Follower,required,5032
2025-07-17,Novice,Leader,allowed,3438
2025-07-17,Novice,Leader,required,3933
2025-07-18,Advanced,Follower,allowed,1564
2025-07-18,Advanced,Follower,allowed,1576
2025-07-18,Advanced,Follower,required,1362
2025-07-18,Advanced,Follower,required,1371
2025-07-18,Advanced,Leader,allowed,1357
2025-07-18,Advanced,Leader,allowed,1363
2025-07-18,Advanced,Leader,required,1185
2025-07-18,Advanced,Leader,required,1188
2025-07-18,All-Star,Follower,allowed,480
2025-07-18,All-Star,Follower,required,527
2025-07-18,All-Star,Leader,allowed,446
2025-07-18,All-Star,Leader,required,504
2025-07-18,Champion,Follower,allowed,185
2025-07-18,Champion,Follower,required,88
2025-07-18,Champion,Leader,allowed,183
2025-07-18,Champion,Leader,required,83
2025-07-18,Intermediate,Follower,allowed,2880
2025-07-18,Intermediate,Follower,allowed,3044
2025-07-18,Intermediate,Follower,required,2242
2025-07-18,Intermediate,Follower,required,2313
2025-07-18,Intermediate,Leader,allowed,2264
2025-07-18,Intermediate,Leader,allowed,2390
2025-07-18,Intermediate,Leader,required,1782
2025-07-18,Intermediate,Leader,required,1841
2025-07-18,Newcomer,Follower,required,1379
2025-07-18,Newcomer,Follower,required,1416
2025-07-18,Novice,Follower,allowed,7811
2025-07-18,Novice,Follower,allowed,9475
2025-07-18,Novice,Follower,required,7322
2025-07-18,Novice,Follower,required,9045
2025-07-18,Novice,Leader,allowed,4773
2025-07-18,Novice,Leader,allowed,5876
2025-07-18,Novice,Leader,required,5469
2025-07-18,Novice,Leader,required,6642
2025-07-21,Advanced,Follower,allowed,1580
2025-07-21,Advanced,Follower,required,1373
2025-07-21,Advanced,Leader,allowed,1366
2025-07-21,Advanced,Leader,required,1188
2025-07-21,All-Star,Follower,allowed,482
2025-07-21,All-Star,Follower,required,527
2025-07-21,All-Star,Leader,allowed,446
2025-07-21,All-Star,Leader,required,503
2025-07-21,Champion,Follower,allowed,185
2025-07-21,Champion,Follower,required,88
2025-07-21,Champion,Leader,allowed,183
2025-07-21,Champion,Leader,required,83
2025-07-21,Intermediate,Follower,allowed,3053
2025-07-21,Intermediate,Follower,required,2321
2025-07-21,Intermediate,Leader,allowed,2390
2025-07-21,Intermediate,Leader,required,1847
2025-07-21,Newcomer,Follower,required,1416
2025-07-21,Novice,Follower,allowed,9516
2025-07-21,Novice,Follower,required,9091
2025-07-21,Novice,Leader,allowed,5918
2025-07-21,Novice,Leader,required,6682
2025-07-22,Advanced,Follower,allowed,1580
2025-07-22,Advanced,Follower,required,1373
2025-07-22,Advanced,Leader,allowed,1366
2025-07-22,Advanced,Leader,required,1188
2025-07-22,All-Star,Follower,allowed,482
2025-07-22,All-Star,Follower,required,527
2025-07-22,All-Star,Leader,allowed,447
2025-07-22,All-Star,Leader,required,504
2025-07-22,Champion,Follower,allowed,185
2025-07-22,Champion,Follower,required,88
2025-07-22,Champion,Leader,allowed,183
2025-07-22,Champion,Leader,required,83
2025-07-22,Intermediate,Follower,allowed,3053
2025-07-22,Intermediate,Follower,required,2321
2025-07-22,Intermediate,Leader,allowed,2390
2025-07-22,Intermediate,Leader,required,1847
2025-07-22,Newcomer,Follower,required,1415
2025-07-22,Novice,Follower,allowed,9515
2025-07-22,Novice,Follower,required,9091
2025-07-22,Novice,Leader,allowed,5918
2025-07-22,Novice,Leader,required,6682
2025-07-29,Advanced,Follower,allowed,1583
2025-07-29,Advanced,Follower,required,1373
2025-07-29,Advanced,Leader,allowed,1366
2025-07-29,Advanced,Leader,required,1189
2025-07-29,All-Star,Follower,allowed,482
2025-07-29,All-Star,Follower,required,527
2025-07-29,All-Star,Leader,allowed,447
2025-07-29,All-Star,Leader,required,505
2025-07-29,Champion,Follower,allowed,185
2025-07-29,Champion,Follower,required,88
2025-07-29,Champion,Leader,allowed,183
2025-07-29,Champion,Leader,required,83
2025-07-29,Intermediate,Follower,allowed,3050
2025-07-29,Intermediate,Follower,required,2321
2025-07-29,Intermediate,Leader,allowed,2392
2025-07-29,Intermediate,Leader,required,1845
2025-07-29,Newcomer,Follower,required,1416
2025-07-29,Novice,Follower,allowed,9527
2025-07-29,Novice,Follower,required,9102
2025-07-29,Novice,Leader,allowed,5924
2025-07-29,Novice,Leader,required,6690
2025-08-06,Advanced,Follower,allowed,1588
2025-08-06,Advanced,Follower,required,1375
2025-08-06,Advanced,Leader,allowed,1368
2025-08-06,Advanced,Leader,required,1190
2025-08-06,All-Star,Follower,allowed,483
2025-08-06,All-Star,Follower,required,527
2025-08-06,All-Star,Leader,allowed,447
2025-08-06,All-Star,Leader,required,506
2025-08-06,Champion,Follower,allowed,185
2025-08-06,Champion,Follower,required,88
2025-08-06,Champion,Leader,allowed,183
2025-08-06,Champion,Leader,required,83
2025-08-06,Intermediate,Follower,allowed,3053
2025-08-06,Intermediate,Follower,required,2325
2025-08-06,Intermediate,Leader,allowed,2394
2025-08-06,Intermediate,Leader,required,1850
2025-08-06,Newcomer,Follower,required,1417
2025-08-06,Novice,Follower,allowed,9563
2025-08-06,Novice,Follower,required,9140
2025-08-06,Novice,Leader,allowed,5948
2025-08-06,Novice,Leader,required,6711
2025-08-14,Advanced,Follower,allowed,1590
2025-08-14,Advanced,Follower,required,1380
2025-08-14,Advanced,Leader,allowed,1372
2025-08-14,Advanced,Leader,required,1190
2025-08-14,All-Star,Follower,allowed,484
2025-08-14,All-Star,Follower,required,529
2025-08-14,All-Star,Leader,allowed,450
2025-08-14,All-Star,Leader,required,507
2025-08-14,Champion,Follower,allowed,185
2025-08-14,Champion,Follower,required,88
2025-08-14,Champion,Leader,allowed,183
2025-08-14,Champion,Leader,required,83
2025-08-14,Intermediate,Follower,allowed,3066
2025-08-14,Intermediate,Follower,required,2326
2025-08-14,Intermediate,Leader,allowed,2395
2025-08-14,Intermediate,Leader,required,1856
2025-08-14,Newcomer,Follower,required,1418
2025-08-14,Novice,Follower,allowed,9499
2025-08-14,Novice,Follower,required,9083
2025-08-14,Novice,Leader,allowed,6030
2025-08-14,Novice,Leader,required,6794
2025-08-15,Advanced,Follower,allowed,1591
2025-08-15,Advanced,Follower,required,1380
2025-08-15,Advanced,Leader,allowed,1372
2025-08-15,Advanced,Leader,required,1190
2025-08-15,All-Star,Follower,allowed,484
2025-08-15,All-Star,Follower,required,529
2025-08-15,All-Star,Leader,allowed,450
2025-08-15,All-Star,Leader,required,507
2025-08-15,Champion,Follower,allowed,185
2025-08-15,Champion,Follower,required,88
2025-08-15,Champion,Leader,allowed,183
2025-08-15,Champion,Leader,required,83
2025-08-15,Intermediate,Follower,allowed,3066
2025-08-15,Intermediate,Follower,required,2327
2025-08-15,Intermediate,Leader,allowed,2395
2025-08-15,Intermediate,Leader,required,1856
2025-08-15,Newcomer,Follower,required,1418
2025-08-15,Novice,Follower,allowed,9500
2025-08-15,Novice,Follower,required,9084
2025-08-15,Novice,Leader,allowed,6032
2025-08-15,Novice,Leader,required,6796
2025-08-19,Advanced,Follower,allowed,1593
2025-08-19,Advanced,Follower,required,1382
2025-08-19,Advanced,Leader,allowed,1376
2025-08-19,Advanced,Leader,required,1195
2025-08-19,All-Star,Follower,allowed,486
2025-08-19,All-Star,Follower,required,531
2025-08-19,All-Star,Leader,allowed,450
2025-08-19,All-Star,Leader,required,506
2025-08-19,Champion,Follower,allowed,185
2025-08-19,Champion,Follower,required,87
2025-08-19,Champion,Leader,allowed,183
2025-08-19,Champion,Leader,required,84
2025-08-19,Intermediate,Follower,allowed,3074
2025-08-19,Intermediate,Follower,required,2328
2025-08-19,Intermediate,Leader,allowed,2401
2025-08-19,Intermediate,Leader,required,1855
2025-08-19,Newcomer,Follower,required,1419
2025-08-19,Novice,Follower,allowed,9524
2025-08-19,Novice,Follower,required,9115
2025-08-19,Novice,Leader,allowed,6034
2025-08-19,Novice,Leader,required,6804
2025-08-31,Advanced,Follower,allowed,1594
2025-08-31,Advanced,Follower,required,1381
2025-08-31,Advanced,Leader,allowed,1378
2025-08-31,Advanced,Leader,required,1195
2025-08-31,All-Star,Follower,allowed,486
2025-08-31,All-Star,Follower,required,532
2025-08-31,All-Star,Leader,allowed,450
2025-08-31,All-Star,Leader,required,507
2025-08-31,Champion,Follower,allowed,186
2025-08-31,Champion,Follower,required,87
2025-08-31,Champion,Leader,allowed,183
2025-08-31,Champion,Leader,required,84
2025-08-31,Intermediate,Follower,allowed,3074
2025-08-31,Intermediate,Follower,required,2330
2025-08-31,Intermediate,Leader,allowed,2400
2025-08-31,Intermediate,Leader,required,1855
2025-08-31,Newcomer,Follower,required,1421
2025-08-31,Novice,Follower,allowed,9538
2025-08-31,Novice,Follower,required,9127
2025-08-31,Novice,Leader,allowed,6042
2025-08-31,Novice,Leader,required,6812
2025-09-05,Advanced,Follower,allowed,1599
2025-09-05,Advanced,Follower,required,1386
2025-09-05,Advanced,Leader,allowed,1383
2025-09-05,Advanced,Leader,required,1196
2025-09-05,All-Star,Follower,allowed,485
2025-09-05,All-Star,Follower,required,533
2025-09-05,All-Star,Leader,allowed,450
2025-09-05,All-Star,Leader,required,507
2025-09-05,Champion,Follower,allowed,187
2025-09-05,Champion,Follower,required,87
2025-09-05,Champion,Leader,allowed,183
2025-09-05,Champion,Leader,required,84
2025-09-05,Intermediate,Follower,allowed,3087
2025-09-05,Intermediate,Follower,required,2334
2025-09-05,Intermediate,Leader,allowed,2408
2025-09-05,Intermediate,Leader,required,1859
2025-09-05,Newcomer,Follower,required,1421
2025-09-05,Novice,Follower,allowed,9559
2025-09-05,Novice,Follower,required,9156
2025-09-05,Novice,Leader,allowed,6050
2025-09-05,Novice,Leader,required,6828
2025-09-09,Advanced,Follower,allowed,1599
2025-09-09,Advanced,Follower,required,1386
2025-09-09,Advanced,Leader,allowed,1385
2025-09-09,Advanced,Leader,required,1197
2025-09-09,All-Star,Follower,allowed,486
2025-09-09,All-Star,Follower,required,534
2025-09-09,All-Star,Leader,allowed,450
2025-09-09,All-Star,Leader,required,509
2025-09-09,Champion,Follower,allowed,187
2025-09-09,Champion,Follower,required,87
2025-09-09,Champion,Leader,allowed,183
2025-09-09,Champion,Leader,required,84
2025-09-09,Intermediate,Follower,allowed,3092
2025-09-09,Intermediate,Follower,required,2341
2025-09-09,Intermediate,Leader,allowed,2411
2025-09-09,Intermediate,Leader,required,1861
2025-09-09,Newcomer,Follower,required,1421
2025-09-09,Novice,Follower,allowed,9584
2025-09-09,Novice,Follower,required,9179
2025-09-09,Novice,Leader,allowed,6062
2025-09-09,Novice,Leader,required,6840
2025-09-16,Advanced,Follower,allowed,1602
2025-09-16,Advanced,Follower,required,1387
2025-09-16,Advanced,Leader,allowed,1382
2025-09-16,Advanced,Leader,required,1197
2025-09-16,All-Star,Follower,allowed,487
2025-09-16,All-Star,Follower,required,534
2025-09-16,All-Star,Leader,allowed,452
2025-09-16,All-Star,Leader,required,509
2025-09-16,Champion,Follower,allowed,187
2025-09-16,Champion,Follower,required,87
2025-09-16,Champion,Leader,allowed,183
2025-09-16,Champion,Leader,required,84
2025-09-16,Intermediate,Follower,allowed,3096
2025-09-16,Intermediate,Follower,required,2347
2025-09-16,Intermediate,Leader,allowed,2413
2025-09-16,Intermediate,Leader,required,1861
2025-09-16,Newcomer,Follower,required,1422
2025-09-16,Novice,Follower,allowed,9590
2025-09-16,Novice,Follower,required,9185
2025-09-16,Novice,Leader,allowed,6068
2025-09-16,Novice,Leader,required,6847
2025-09-23,Advanced,Follower,allowed,1605
2025-09-23,Advanced,Follower,required,1388
2025-09-23,Advanced,Leader,allowed,1379
2025-09-23,Advanced,Leader,required,1197
2025-09-23,All-Star,Follower,allowed,487
2025-09-23,All-Star,Follower,required,535
2025-09-23,All-Star,Leader,allowed,457
2025-09-23,All-Star,Leader,required,514
2025-09-23,Champion,Follower,allowed,189
2025-09-23,Champion,Follower,required,87
2025-09-23,Champion,Leader,allowed,183
2025-09-23,Champion,Leader,required,83
2025-09-23,Intermediate,Follower,allowed,3103
2025-09-23,Intermediate,Follower,required,2353
2025-09-23,Intermediate,Leader,allowed,2418
2025-09-23,Intermediate,Leader,required,1863
2025-09-23,Newcomer,Follower,required,1422
2025-09-23,Novice,Follower,allowed,9621
2025-09-23,Novice,Follower,required,9220
2025-09-23,Novice,Leader,allowed,6094
2025-09-23,Novice,Leader,required,6874
2025-09-30,Advanced,Follower,allowed,1605
2025-09-30,Advanced,Follower,required,1391
2025-09-30,Advanced,Leader,allowed,1381
2025-09-30,Advanced,Leader,required,1199
2025-09-30,All-Star,Follower,allowed,487
2025-09-30,All-Star,Follower,required,536
2025-09-30,All-Star,Leader,allowed,457
2025-09-30,All-Star,Leader,required,514
2025-09-30,Champion,Follower,allowed,189
2025-09-30,Champion,Follower,required,87
2025-09-30,Champion,Leader,allowed,183
2025-09-30,Champion,Leader,required,83
2025-09-30,Intermediate,Follower,allowed,3112
2025-09-30,Intermediate,Follower,required,2358
2025-09-30,Intermediate,Leader,allowed,2420
2025-09-30,Intermediate,Leader,required,1867
2025-09-30,Newcomer,Follower,required,1424
2025-09-30,Novice,Follower,allowed,9638
2025-09-30,Novice,Follower,required,9235
2025-09-30,Novice,Leader,allowed,6104
2025-09-30,Novice,Leader,required,6882
2025-10-07,Advanced,Follower,allowed,1603
2025-10-07,Advanced,Follower,required,1392
2025-10-07,Advanced,Leader,allowed,1384
2025-10-07,Advanced,Leader,required,1202
2025-10-07,All-Star,Follower,allowed,488
2025-10-07,All-Star,Follower,required,535
2025-10-07,All-Star,Leader,allowed,457
2025-10-07,All-Star,Leader,required,513
2025-10-07,Champion,Follower,allowed,190
2025-10-07,Champion,Follower,required,88
2025-10-07,Champion,Leader,allowed,183
2025-10-07,Champion,Leader,required,83
2025-10-07,Intermediate,Follower,allowed,3119
2025-10-07,Intermediate,Follower,required,2361
2025-10-07,Intermediate,Leader,allowed,2425
2025-10-07,Intermediate,Leader,required,1867
2025-10-07,Newcomer,Follower,required,1424
2025-10-07,Novice,Follower,allowed,9649
2025-10-07,Novice,Follower,required,9249
2025-10-07,Novice,Leader,allowed,6116
2025-10-07,Novice,Leader,required,6900
2025-10-16,Advanced,Follower,allowed,1604
2025-10-16,Advanced,Follower,required,1391
2025-10-16,Advanced,Leader,allowed,1387
2025-10-16,Advanced,Leader,required,1201
2025-10-16,All-Star,Follower,allowed,488
2025-10-16,All-Star,Follower,required,537
2025-10-16,All-Star,Leader,allowed,458
2025-10-16,All-Star,Leader,required,515
2025-10-16,Champion,Follower,allowed,190
2025-10-16,Champion,Follower,required,88
2025-10-16,Champion,Leader,allowed,184
2025-10-16,Champion,Leader,required,83
2025-10-16,Intermediate,Follower,allowed,3127
2025-10-16,Intermediate,Follower,required,2367
2025-10-16,Intermediate,Leader,allowed,2425
2025-10-16,Intermediate,Leader,required,1872
2025-10-16,Newcomer,Follower,required,1423
2025-10-16,Novice,Follower,allowed,9666
2025-10-16,Novice,Follower,required,9269
2025-10-16,Novice,Leader,allowed,6124
2025-10-16,Novice,Leader,required,6907
2025-10-25,Advanced,Follower,allowed,1604
2025-10-25,Advanced,Follower,required,1393
2025-10-25,Advanced,Leader,allowed,1388
2025-10-25,Advanced,Leader,required,1202
2025-10-25,All-Star,Follower,allowed,488
2025-10-25,All-Star,Follower,required,536
2025-10-25,All-Star,Leader,allowed,458
2025-10-25,All-Star,Leader,required,514
2025-10-25,Champion,Follower,allowed,190
2025-10-25,Champion,Follower,required,89
2025-10-25,Champion,Leader,allowed,184
2025-10-25,Champion,Leader,required,84
2025-10-25,Intermediate,Follower,allowed,3133
2025-10-25,Intermediate,Follower,required,2371
2025-10-25,Intermediate,Leader,allowed,2430
2025-10-25,Intermediate,Leader,required,1879
2025-10-25,Newcomer,Follower,required,1422
2025-10-25,Novice,Follower,allowed,9687
2025-10-25,Novice,Follower,required,9291
2025-10-25,Novice,Leader,allowed,6134
2025-10-25,Novice,Leader,required,6915
2025-10-29,Advanced,Follower,allowed,1610
2025-10-29,Advanced,Follower,required,1396
2025-10-29,Advanced,Leader,allowed,1391
2025-10-29,Advanced,Leader,required,1204
2025-10-29,All-Star,Follower,allowed,489
2025-10-29,All-Star,Follower,required,537
2025-10-29,All-Star,Leader,allowed,459
2025-10-29,All-Star,Leader,required,514
2025-10-29,Champion,Follower,allowed,190
2025-10-29,Champion,Follower,required,89
2025-10-29,Champion,Leader,allowed,184
2025-10-29,Champion,Leader,required,84
2025-10-29,Intermediate,Follower,allowed,3140
2025-10-29,Intermediate,Follower,required,2382
2025-10-29,Intermediate,Leader,allowed,2439
2025-10-29,Intermediate,Leader,required,1884
2025-10-29,Newcomer,Follower,required,1421
2025-10-29,Novice,Follower,allowed,9732
2025-10-29,Novice,Follower,required,9336
2025-10-29,Novice,Leader,allowed,6162
2025-10-29,Novice,Leader,required,6949
2025-11-08,Advanced,Follower,allowed,1612
2025-11-08,Advanced,Follower,required,1399
2025-11-08,Advanced,Leader,allowed,1393
2025-11-08,Advanced,Leader,required,1206
2025-11-08,All-Star,Follower,allowed,491
2025-11-08,All-Star,Follower,required,538
2025-11-08,All-Star,Leader,allowed,463
2025-11-08,All-Star,Leader,required,515
2025-11-08,Champion,Follower,allowed,191
2025-11-08,Champion,Follower,required,89
2025-11-08,Champion,Leader,allowed,184
2025-11-08,Champion,Leader,required,84
2025-11-08,Intermediate,Follower,allowed,3149
2025-11-08,Intermediate,Follower,required,2387
2025-11-08,Intermediate,Leader,allowed,2444
2025-11-08,Intermediate,Leader,required,1885
2025-11-08,Newcomer,Follower,required,1421
2025-11-08,Novice,Follower,allowed,9758
2025-11-08,Novice,Follower,required,9367
2025-11-08,Novice,Leader,allowed,6181
2025-11-08,Novice,Leader,required,6975
2025-11-10,Advanced,Follower,allowed,1614
2025-11-10,Advanced,Follower,required,1401
2025-11-10,Advanced,Leader,allowed,1395
2025-11-10,Advanced,Leader,required,1210
2025-11-10,All-Star,Follower,allowed,492
2025-11-10,All-Star,Follower,required,539
2025-11-10,All-Star,Leader,allowed,464
2025-11-10,All-Star,Leader,required,515
2025-11-10,Champion,Follower,allowed,191
2025-11-10,Champion,Follower,required,89
2025-11-10,Champion,Leader,allowed,184
2025-11-10,Champion,Leader,required,84
2025-11-10,Intermediate,Follower,allowed,3152
2025-11-10,Intermediate,Follower,required,2388
2025-11-10,Intermediate,Leader,allowed,2450
2025-11-10,Intermediate,Leader,required,1887
2025-11-10,Newcomer,Follower,required,1421
2025-11-10,Novice,Follower,allowed,9787
2025-11-10,Novice,Follower,required,9398
2025-11-10,Novice,Leader,allowed,6200
2025-11-10,Novice,Leader,required,6997
2025-11-19,Advanced,Follower,allowed,1616
2025-11-19,Advanced,Follower,required,1405
2025-11-19,Advanced,Leader,allowed,1398
2025-11-19,Advanced,Leader,required,1214
2025-11-19,All-Star,Follower,allowed,494
2025-11-19,All-Star,Follower,required,540
2025-11-19,All-Star,Leader,allowed,465
2025-11-19,All-Star,Leader,required,515
2025-11-19,Champion,Follower,allowed,191
2025-11-19,Champion,Follower,required,89
2025-11-19,Champion,Leader,allowed,184
2025-11-19,Champion,Leader,required,84
2025-11-19,Intermediate,Follower,allowed,3157
2025-11-19,Intermediate,Follower,required,2388
2025-11-19,Intermediate,Leader,allowed,2453
2025-11-19,Intermediate,Leader,required,1889
2025-11-19,Newcomer,Follower,required,1421
2025-11-19,Novice,Follower,allowed,9816
2025-11-19,Novice,Follower,required,9431
2025-11-19,Novice,Leader,allowed,6221
2025-11-19,Novice,Leader,required,7019
2025-11-25,Advanced,Follower,allowed,1617
2025-11-25,Advanced,Follower,required,1404
2025-11-25,Advanced,Leader,allowed,1398
2025-11-25,Advanced,Leader,required,1214
2025-11-25,All-Star,Follower,allowed,494
2025-11-25,All-Star,Follower,required,541
2025-11-25,All-Star,Leader,allowed,465
2025-11-25,All-Star,Leader,required,515
2025-11-25,Champion,Follower,allowed,191
2025-11-25,Champion,Follower,required,89
2025-11-25,Champion,Leader,allowed,184
2025-11-25,Champion,Leader,required,84
2025-11-25,Intermediate,Follower,allowed,3159
2025-11-25,Intermediate,Follower,required,2388
2025-11-25,Intermediate,Leader,allowed,2456
2025-11-25,Intermediate,Leader,required,1890
2025-11-25,Newcomer,Follower,required,1421
2025-11-25,Novice,Follower,allowed,9821
2025-11-25,Novice,Follower,required,9439
2025-11-25,Novice,Leader,allowed,6221
2025-11-25,Novice,Leader,required,7021
2025-12-04,Advanced,Follower,allowed,1620
2025-12-04,Advanced,Follower,required,1404
2025-12-04,Advanced,Leader,allowed,1398
2025-12-04,Advanced,Leader,required,1215
2025-12-04,All-Star,Follower,allowed,494
2025-12-04,All-Star,Follower,required,541
2025-12-04,All-Star,Leader,allowed,465
2025-12-04,All-Star,Leader,required,515
2025-12-04,Champion,Follower,allowed,191
2025-12-04,Champion,Follower,required,89
2025-12-04,Champion,Leader,allowed,184
2025-12-04,Champion,Leader,required,84
2025-12-04,Intermediate,Follower,allowed,3163
2025-12-04,Intermediate,Follower,required,2390
2025-12-04,Intermediate,Leader,allowed,2458
2025-12-04,Intermediate,Leader,required,1890
2025-12-04,Newcomer,Follower,required,1422
2025-12-04,Novice,Follower,allowed,9823
2025-12-04,Novice,Follower,required,9445
2025-12-04,Novice,Leader,allowed,6224
2025-12-04,Novice,Leader,required,7025
2025-12-11,Advanced,Follower,allowed,1624
2025-12-11,Advanced,Follower,required,1404
2025-12-11,Advanced,Leader,allowed,1401
2025-12-11,Advanced,Leader,required,1215
2025-12-11,All-Star,Follower,allowed,495
2025-12-11,All-Star,Follower,required,543
2025-12-11,All-Star,Leader,allowed,466
2025-12-11,All-Star,Leader,required,516
2025-12-11,Champion,Follower,allowed,191
2025-12-11,Champion,Follower,required,89
2025-12-11,Champion,Leader,allowed,184
2025-12-11,Champion,Leader,required,84
2025-12-11,Intermediate,Follower,allowed,3168
2025-12-11,Intermediate,Follower,required,2395
2025-12-11,Intermediate,Leader,allowed,2460
2025-12-11,Intermediate,Leader,required,1895
2025-12-11,Newcomer,Follower,required,1423
2025-12-11,Novice,Follower,allowed,9833
2025-12-11,Novice,Follower,required,9457
2025-12-11,Novice,Leader,allowed,6233
2025-12-11,Novice,Leader,required,7034
2025-12-17,Advanced,Follower,allowed,1624
2025-12-17,Advanced,Follower,required,1407
2025-12-17,Advanced,Leader,allowed,1402
2025-12-17,Advanced,Leader,required,1217
2025-12-17,All-Star,Follower,allowed,496
2025-12-17,All-Star,Follower,required,543
2025-12-17,All-Star,Leader,allowed,467
2025-12-17,All-Star,Leader,required,517
2025-12-17,Champion,Follower,allowed,191
2025-12-17,Champion,Follower,required,89
2025-12-17,Champion,Leader,allowed,184
2025-12-17,Champion,Leader,required,84
2025-12-17,Intermediate,Follower,allowed,3178
2025-12-17,Intermediate,Follower,required,2401
2025-12-17,Intermediate,Leader,allowed,2461
2025-12-17,Intermediate,Leader,required,1895
2025-12-17,Newcomer,Follower,required,1422
2025-12-17,Novice,Follower,allowed,9844
2025-12-17,Novice,Follower,required,9471
2025-12-17,Novice,Leader,allowed,6245
2025-12-17,Novice,Leader,required,7046
2026-01-06,Advanced,Follower,allowed,1624
2026-01-06,Advanced,Follower,required,1414
2026-01-06,Advanced,Leader,allowed,1406
2026-01-06,Advanced,Leader,required,1221
2026-01-06,All-Star,Follower,allowed,499
2026-01-06,All-Star,Follower,required,543
2026-01-06,All-Star,Leader,allowed,467
2026-01-06,All-Star,Leader,required,519
2026-01-06,Champion,Follower,allowed,191
2026-01-06,Champion,Follower,required,89
2026-01-06,Champion,Leader,allowed,186
2026-01-06,Champion,Leader,required,84
2026-01-06,Intermediate,Follower,allowed,3188
2026-01-06,Intermediate,Follower,required,2400
2026-01-06,Intermediate,Leader,allowed,2466
2026-01-06,Intermediate,Leader,required,1899
2026-01-06,Newcomer,Follower,required,1425
2026-01-06,Novice,Follower,allowed,9871
2026-01-06,Novice,Follower,required,9502
2026-01-06,Novice,Leader,allowed,6265
2026-01-06,Novice,Leader,required,7067
2026-01-09,Advanced,Follower,allowed,1624
2026-01-09,Advanced,Follower,required,1413
2026-01-09,Advanced,Leader,allowed,1407
2026-01-09,Advanced,Leader,required,1223
2026-01-09,All-Star,Follower,allowed,499
2026-01-09,All-Star,Follower,required,547
2026-01-09,All-Star,Leader,allowed,467
2026-01-09,All-Star,Leader,required,520
2026-01-09,Champion,Follower,allowed,191
2026-01-09,Champion,Follower,required,89
2026-01-09,Champion,Leader,allowed,186
2026-01-09,Champion,Leader,required,84
2026-01-09,Intermediate,Follower,allowed,3194
2026-01-09,Intermediate,Follower,required,2399
2026-01-09,Intermediate,Leader,allowed,2469
2026-01-09,Intermediate,Leader,required,1899
2026-01-09,Newcomer,Follower,required,1427
2026-01-09,Novice,Follower,allowed,9881
2026-01-09,Novice,Follower,required,9514
2026-01-09,Novice,Leader,allowed,6276
2026-01-09,Novice,Leader,required,7079
2026-01-13,Advanced,Follower,allowed,1624
2026-01-13,Advanced,Follower,required,1413
2026-01-13,Advanced,Leader,allowed,1406
2026-01-13,Advanced,Leader,required,1223
2026-01-13,All-Star,Follower,allowed,500
2026-01-13,All-Star,Follower,required,547
2026-01-13,All-Star,Leader,allowed,469
2026-01-13,All-Star,Leader,required,520
2026-01-13,Champion,Follower,allowed,191
2026-01-13,Champion,Follower,required,89
2026-01-13,Champion,Leader,allowed,186
2026-01-13,Champion,Leader,required,84
2026-01-13,Intermediate,Follower,allowed,3195
2026-01-13,Intermediate,Follower,required,2402
2026-01-13,Intermediate,Leader,allowed,2473
2026-01-13,Intermediate,Leader,required,1907
2026-01-13,Newcomer,Follower,required,1427
2026-01-13,Novice,Follower,allowed,9890
2026-01-13,Novice,Follower,required,9522
2026-01-13,Novice,Leader,allowed,6279
2026-01-13,Novice,Leader,required,7079
2026-01-21,Advanced,Follower,allowed,1625
2026-01-21,Advanced,Follower,required,1414
2026-01-21,Advanced,Leader,allowed,1406
2026-01-21,Advanced,Leader,required,1222
2026-01-21,All-Star,Follower,allowed,501
2026-01-21,All-Star,Follower,required,546
2026-01-21,All-Star,Leader,allowed,469
2026-01-21,All-Star,Leader,required,517
2026-01-21,Champion,Follower,allowed,191
2026-01-21,Champion,Follower,required,92
2026-01-21,Champion,Leader,allowed,187
2026-01-21,Champion,Leader,required,88
2026-01-21,Intermediate,Follower,allowed,3200
2026-01-21,Intermediate,Follower,required,2409
2026-01-21,Intermediate,Leader,allowed,2475
2026-01-21,Intermediate,Leader,required,1912
2026-01-21,Newcomer,Follower,required,1427
2026-01-21,Novice,Follower,allowed,9901
2026-01-21,Novice,Follower,required,9530
2026-01-21,Novice,Leader,allowed,6299
2026-01-21,Novice,Leader,required,7097
2026-01-26,Advanced,Follower,allowed,1628
2026-01-26,Advanced,Follower,required,1418
2026-01-26,Advanced,Leader,allowed,1408
2026-01-26,Advanced,Leader,required,1223
2026-01-26,All-Star,Follower,allowed,500
2026-01-26,All-Star,Follower,required,548
2026-01-26,All-Star,Leader,allowed,470
2026-01-26,All-Star,Leader,required,518
2026-01-26,Champion,Follower,allowed,192
2026-01-26,Champion,Follower,required,92
2026-01-26,Champion,Leader,allowed,187
2026-01-26,Champion,Leader,required,88
2026-01-26,Intermediate,Follower,allowed,3208
2026-01-26,Intermediate,Follower,required,2412
2026-01-26,Intermediate,Leader,allowed,2479
2026-01-26,Intermediate,Leader,required,1917
2026-01-26,Newcomer,Follower,required,1428
2026-01-26,Novice,Follower,allowed,9921
2026-01-26,Novice,Follower,required,9551
2026-01-26,Novice,Leader,allowed,6320
2026-01-26,Novice,Leader,required,7118
2026-02-03,Advanced,Follower,allowed,1628
2026-02-03,Advanced,Follower,required,1418
2026-02-03,Advanced,Leader,allowed,1409
2026-02-03,Advanced,Leader,required,1224
2026-02-03,All-Star,Follower,allowed,501
2026-02-03,All-Star,Follower,required,548
2026-02-03,All-Star,Leader,allowed,470
2026-02-03,All-Star,Leader,required,518
2026-02-03,Champion,Follower,allowed,192
2026-02-03,Champion,Follower,required,92
2026-02-03,Champion,Leader,allowed,187
2026-02-03,Champion,Leader,required,88
2026-02-03,Intermediate,Follower,allowed,3210
2026-02-03,Intermediate,Follower,required,2414
2026-02-03,Intermediate,Leader,allowed,2479
2026-02-03,Intermediate,Leader,required,1918
2026-02-03,Newcomer,Follower,required,1428
2026-02-03,Novice,Follower,allowed,9929
2026-02-03,Novice,Follower,required,9560
2026-02-03,Novice,Leader,allowed,6325
2026-02-03,Novice,Leader,required,7122
2026-02-09,Advanced,Follower,allowed,1630
2026-02-09,Advanced,Follower,required,1420
2026-02-09,Advanced,Leader,allowed,1412
2026-02-09,Advanced,Leader,required,1230
2026-02-09,All-Star,Follower,allowed,502
2026-02-09,All-Star,Follower,required,549
2026-02-09,All-Star,Leader,allowed,470
2026-02-09,All-Star,Leader,required,518
2026-02-09,Champion,Follower,allowed,192
2026-02-09,Champion,Follower,required,92
2026-02-09,Champion,Leader,allowed,187
2026-02-09,Champion,Leader,required,88
2026-02-09,Intermediate,Follower,allowed,3214
2026-02-09,Intermediate,Follower,required,2417
2026-02-09,Intermediate,Leader,allowed,2481
2026-02-09,Intermediate,Leader,required,1917
2026-02-09,Newcomer,Follower,required,1427
2026-02-09,Novice,Follower,allowed,9950
2026-02-09,Novice,Follower,required,9583
2026-02-09,Novice,Leader,allowed,6339
2026-02-09,Novice,Leader,required,7136
2026-02-17,Advanced,Follower,allowed,1632
2026-02-17,Advanced,Follower,required,1421
2026-02-17,Advanced,Leader,allowed,1414
2026-02-17,Advanced,Leader,required,1232
2026-02-17,All-Star,Follower,allowed,505
2026-02-17,All-Star,Follower,required,548
2026-02-17,All-Star,Leader,allowed,470
2026-02-17,All-Star,Leader,required,519
2026-02-17,Champion,Follower,allowed,192
2026-02-17,Champion,Follower,required,93
2026-02-17,Champion,Leader,allowed,187
2026-02-17,Champion,Leader,required,88
2026-02-17,Intermediate,Follower,allowed,3218
2026-02-17,Intermediate,Follower,required,2419
2026-02-17,Intermediate,Leader,allowed,2483
2026-02-17,Intermediate,Leader,required,1915
2026-02-17,Newcomer,Follower,required,1428
2026-02-17,Novice,Follower,allowed,9953
2026-02-17,Novice,Follower,required,9591
2026-02-17,Novice,Leader,allowed,6350
2026-02-17,Novice,Leader,required,7150
2026-02-25,Advanced,Follower,allowed,1635
2026-02-25,Advanced,Follower,required,1422
2026-02-25,Advanced,Leader,allowed,1412
2026-02-25,Advanced,Leader,required,1233
2026-02-25,All-Star,Follower,allowed,506
2026-02-25,All-Star,Follower,required,549
2026-02-25,All-Star,Leader,allowed,473
2026-02-25,All-Star,Leader,required,522
2026-02-25,Champion,Follower,allowed,192
2026-02-25,Champion,Follower,required,93
2026-02-25,Champion,Leader,allowed,187
2026-02-25,Champion,Leader,required,88
2026-02-25,Intermediate,Follower,allowed,3225
2026-02-25,Intermediate,Follower,required,2425
2026-02-25,Intermediate,Leader,allowed,2488
2026-02-25,Intermediate,Leader,required,1923
2026-02-25,Newcomer,Follower,required,1429
2026-02-25,Novice,Follower,allowed,9975
2026-02-25,Novice,Follower,required,9615
2026-02-25,Novice,Leader,allowed,6372
2026-02-25,Novice,Leader,required,7166
2026-03-06,Advanced,Follower,allowed,1637
2026-03-06,Advanced,Follower,required,1424
2026-03-06,Advanced,Leader,allowed,1415
2026-03-06,Advanced,Leader,required,1237
2026-03-06,All-Star,Follower,allowed,508
2026-03-06,All-Star,Follower,required,549
2026-03-06,All-Star,Leader,allowed,474
2026-03-06,All-Star,Leader,required,522
2026-03-06,Champion,Follower,allowed,192
2026-03-06,Champion,Follower,required,93
2026-03-06,Champion,Leader,allowed,187
2026-03-06,Champion,Leader,required,88
2026-03-06,Intermediate,Follower,allowed,3227
2026-03-06,Intermediate,Follower,required,2427
2026-03-06,Intermediate,Leader,allowed,2487
2026-03-06,Intermediate,Leader,required,1921
2026-03-06,Newcomer,Follower,required,1429
2026-03-06,Novice,Follower,allowed,9986
2026-03-06,Novice,Follower,required,9628
2026-03-06,Novice,Leader,allowed,6381
2026-03-06,Novice,Leader,required,7176
2026-03-11,Advanced,Follower,allowed,1637
2026-03-11,Advanced,Follower,required,1425
2026-03-11,Advanced,Leader,allowed,1415
2026-03-11,Advanced,Leader,required,1238
2026-03-11,All-Star,Follower,allowed,510
2026-03-11,All-Star,Follower,required,550
2026-03-11,All-Star,Leader,allowed,475
2026-03-11,All-Star,Leader,required,521
2026-03-11,Champion,Follower,allowed,193
2026-03-11,Champion,Follower,required,93
2026-03-11,Champion,Leader,allowed,188
2026-03-11,Champion,Leader,required,89
2026-03-11,Intermediate,Follower,allowed,3234
2026-03-11,Intermediate,Follower,required,2432
2026-03-11,Intermediate,Leader,allowed,2491
2026-03-11,Intermediate,Leader,required,1922
2026-03-11,Newcomer,Follower,required,1431
2026-03-11,Novice,Follower,allowed,10000
2026-03-11,Novice,Follower,required,9643
2026-03-11,Novice,Leader,allowed,6391
2026-03-11,Novice,Leader,required,7190
2026-03-18,Advanced,Follower,allowed,1642
2026-03-18,Advanced,Follower,required,1428
2026-03-18,Advanced,Leader,allowed,1420
2026-03-18,Advanced,Leader,required,1240
2026-03-18,All-Star,Follower,allowed,512
2026-03-18,All-Star,Follower,required,550
2026-03-18,All-Star,Leader,allowed,476
2026-03-18,All-Star,Leader,required,520
2026-03-18,Champion,Follower,allowed,194
2026-03-18,Champion,Follower,required,94
2026-03-18,Champion,Leader,allowed,188
2026-03-18,Champion,Leader,required,90
2026-03-18,Intermediate,Follower,allowed,3245
2026-03-18,Intermediate,Follower,required,2433
2026-03-18,Intermediate,Leader,allowed,2491
2026-03-18,Intermediate,Leader,required,1924
2026-03-18,Newcomer,Follower,required,1442
2026-03-18,Novice,Follower,allowed,10036
2026-03-18,Novice,Follower,required,9682
2026-03-18,Novice,Leader,allowed,6405
2026-03-18,Novice,Leader,required,7206
2026-03-23,Advanced,Follower,allowed,1642
2026-03-23,Advanced,Follower,required,1429
2026-03-23,Advanced,Leader,allowed,1421
2026-03-23,Advanced,Leader,required,1243
2026-03-23,All-Star,Follower,allowed,514
2026-03-23,All-Star,Follower,required,552
2026-03-23,All-Star,Leader,allowed,476
2026-03-23,All-Star,Leader,required,520
2026-03-23,Champion,Follower,allowed,194
2026-03-23,Champion,Follower,required,94
2026-03-23,Champion,Leader,allowed,188
2026-03-23,Champion,Leader,required,90
2026-03-23,Intermediate,Follower,allowed,3253
2026-03-23,Intermediate,Follower,required,2432
2026-03-23,Intermediate,Leader,allowed,2499
2026-03-23,Intermediate,Leader,required,1924
2026-03-23,Newcomer,Follower,required,1442
2026-03-23,Novice,Follower,allowed,10051
2026-03-23,Novice,Follower,required,9705
2026-03-23,Novice,Leader,allowed,6415
2026-03-23,Novice,Leader,required,7222
2026-04-03,Advanced,Follower,allowed,1647
2026-04-03,Advanced,Follower,required,1432
2026-04-03,Advanced,Leader,allowed,1419
2026-04-03,Advanced,Leader,required,1248
2026-04-03,All-Star,Follower,allowed,514
2026-04-03,All-Star,Follower,required,554
2026-04-03,All-Star,Leader,allowed,482
2026-04-03,All-Star,Leader,required,520
2026-04-03,Champion,Follower,allowed,194
2026-04-03,Champion,Follower,required,94
2026-04-03,Champion,Leader,allowed,188
2026-04-03,Champion,Leader,required,90
2026-04-03,Intermediate,Follower,allowed,3262
2026-04-03,Intermediate,Follower,required,2433
2026-04-03,Intermediate,Leader,allowed,2503
2026-04-03,Intermediate,Leader,required,1925
2026-04-03,Newcomer,Follower,required,1444
2026-04-03,Novice,Follower,allowed,10073
2026-04-03,Novice,Follower,required,9733
2026-04-03,Novice,Leader,allowed,6431
2026-04-03,Novice,Leader,required,7240
2026-04-07,Advanced,Follower,allowed,1649
2026-04-07,Advanced,Follower,required,1434
2026-04-07,Advanced,Leader,allowed,1421
2026-04-07,Advanced,Leader,required,1249
2026-04-07,All-Star,Follower,allowed,515
2026-04-07,All-Star,Follower,required,554
2026-04-07,All-Star,Leader,allowed,483
2026-04-07,All-Star,Leader,required,522
2026-04-07,Champion,Follower,allowed,194
2026-04-07,Champion,Follower,required,94
2026-04-07,Champion,Leader,allowed,189
2026-04-07,Champion,Leader,required,90
2026-04-07,Intermediate,Follower,allowed,3265
2026-04-07,Intermediate,Follower,required,2436
2026-04-07,Intermediate,Leader,allowed,2504
2026-04-07,Intermediate,Leader,required,1926
2026-04-07,Newcomer,Follower,required,1442
2026-04-07,Novice,Follower,allowed,10082
2026-04-07,Novice,Follower,required,9745
2026-04-07,Novice,Leader,allowed,6438
2026-04-07,Novice,Leader,required,7248
2026-04-15,Advanced,Follower,allowed,1652
2026-04-15,Advanced,Follower,required,1437
2026-04-15,Advanced,Leader,allowed,1422
2026-04-15,Advanced,Leader,required,1252
2026-04-15,All-Star,Follower,allowed,515
2026-04-15,All-Star,Follower,required,554
2026-04-15,All-Star,Leader,allowed,483
2026-04-15,All-Star,Leader,required,523
2026-04-15,Champion,Follower,allowed,195
2026-04-15,Champion,Follower,required,94
2026-04-15,Champion,Leader,allowed,190
2026-04-15,Champion,Leader,required,90
2026-04-15,Intermediate,Follower,allowed,3277
2026-04-15,Intermediate,Follower,required,2443
2026-04-15,Intermediate,Leader,allowed,2510
2026-04-15,Intermediate,Leader,required,1932
2026-04-15,Newcomer,Follower,required,1441
2026-04-15,Novice,Follower,allowed,10116
2026-04-15,Novice,Follower,required,9786
2026-04-15,Novice,Leader,allowed,6464
2026-04-15,Novice,Leader,required,7272
2026-04-21,Advanced,Follower,allowed,1562
2026-04-21,Advanced,Follower,allowed,1654
2026-04-21,Advanced,Follower,required,1365
2026-04-21,Advanced,Follower,required,1437
2026-04-21,Advanced,Leader,allowed,1354
2026-04-21,Advanced,Leader,allowed,1424
2026-04-21,Advanced,Leader,required,1197
2026-04-21,Advanced,Leader,required,1253
2026-04-21,All-Star,Follower,allowed,485
2026-04-21,All-Star,Follower,allowed,515
2026-04-21,All-Star,Follower,required,528
2026-04-21,All-Star,Follower,required,555
2026-04-21,All-Star,Leader,allowed,453
2026-04-21,All-Star,Leader,allowed,484
2026-04-21,All-Star,Leader,required,494
2026-04-21,All-Star,Leader,required,523
2026-04-21,Champion,Follower,allowed,195
2026-04-21,Champion,Follower,required,94
2026-04-21,Champion,Leader,allowed,183
2026-04-21,Champion,Leader,allowed,190
2026-04-21,Champion,Leader,required,87
2026-04-21,Champion,Leader,required,90
2026-04-21,Intermediate,Follower,allowed,3085
2026-04-21,Intermediate,Follower,allowed,3277
2026-04-21,Intermediate,Follower,required,2305
2026-04-21,Intermediate,Follower,required,2445
2026-04-21,Intermediate,Leader,allowed,2363
2026-04-21,Intermediate,Leader,allowed,2511
2026-04-21,Intermediate,Leader,required,1827
2026-04-21,Intermediate,Leader,required,1939
2026-04-21,Newcomer,Follower,required,1423
2026-04-21,Newcomer,Follower,required,1442
2026-04-21,Novice,Follower,allowed,9610
2026-04-21,Novice,Follower,allowed,10138
2026-04-21,Novice,Follower,required,9222
2026-04-21,Novice,Follower,required,9806
2026-04-21,Novice,Leader,allowed,6082
2026-04-21,Novice,Leader,allowed,6470
2026-04-21,Novice,Leader,required,6830
2026-04-21,Novice,Leader,required,7274
2026-04-28,Advanced,Follower,allowed,1654
2026-04-28,Advanced,Follower,required,1439
2026-04-28,Advanced,Leader,allowed,1427
2026-04-28,Advanced,Leader,required,1253
2026-04-28,All-Star,Follower,allowed,518
2026-04-28,All-Star,Follower,required,558
2026-04-28,All-Star,Leader,allowed,484
2026-04-28,All-Star,Leader,required,525
2026-04-28,Champion,Follower,allowed,196
2026-04-28,Champion,Follower,required,94
2026-04-28,Champion,Leader,allowed,190
2026-04-28,Champion,Leader,required,90
2026-04-28,Intermediate,Follower,allowed,3285
2026-04-28,Intermediate,Follower,required,2450
2026-04-28,Intermediate,Leader,allowed,2521
2026-04-28,Intermediate,Leader,required,1942
2026-04-28,Newcomer,Follower,required,1441
2026-04-28,Novice,Follower,allowed,10172
2026-04-28,Novice,Follower,required,9843
2026-04-28,Novice,Leader,allowed,6483
2026-04-28,Novice,Leader,required,7295
2026-05-05,Advanced,Follower,allowed,1658
2026-05-05,Advanced,Follower,required,1438
2026-05-05,Advanced,Leader,allowed,1430
2026-05-05,Advanced,Leader,required,1252
2026-05-05,All-Star,Follower,allowed,519
2026-05-05,All-Star,Follower,required,560
2026-05-05,All-Star,Leader,allowed,485
2026-05-05,All-Star,Leader,required,526
2026-05-05,Champion,Follower,allowed,196
2026-05-05,Champion,Follower,required,94
2026-05-05,Champion,Leader,allowed,190
2026-05-05,Champion,Leader,required,90
2026-05-05,Intermediate,Follower,allowed,3292
2026-05-05,Intermediate,Follower,required,2456
2026-05-05,Intermediate,Leader,allowed,2521
2026-05-05,Intermediate,Leader,required,1946
2026-05-05,Newcomer,Follower,required,1439
2026-05-05,Novice,Follower,allowed,10195
2026-05-05,Novice,Follower,required,9873
2026-05-05,Novice,Leader,allowed,6497
2026-05-05,Novice,Leader,required,7309
2026-05-14,Advanced,Follower,allowed,1662
2026-05-14,Advanced,Follower,required,1439
2026-05-14,Advanced,Leader,allowed,1432
2026-05-14,Advanced,Leader,required,1253
2026-05-14,All-Star,Follower,allowed,519
2026-05-14,All-Star,Follower,required,561
2026-05-14,All-Star,Leader,allowed,486
2026-05-14,All-Star,Leader,required,528
2026-05-14,Champion,Follower,allowed,196
2026-05-14,Champion,Follower,required,94
2026-05-14,Champion,Leader,allowed,190
2026-05-14,Champion,Leader,required,90
2026-05-14,Intermediate,Follower,allowed,3295
2026-05-14,Intermediate,Follower,required,2459
2026-05-14,Intermediate,Leader,allowed,2525
2026-05-14,Intermediate,Leader,required,1948
2026-05-14,Newcomer,Follower,required,1439
2026-05-14,Novice,Follower,allowed,10210
2026-05-14,Novice,Follower,required,9890
2026-05-14,Novice,Leader,allowed,6518
2026-05-14,Novice,Leader,required,7332
2026-05-22,Advanced,Follower,allowed,1667
2026-05-22,Advanced,Follower,required,1441
2026-05-22,Advanced,Leader,allowed,1435
2026-05-22,Advanced,Leader,required,1253
2026-05-22,All-Star,Follower,allowed,521
2026-05-22,All-Star,Follower,required,561
2026-05-22,All-Star,Leader,allowed,487
2026-05-22,All-Star,Leader,required,529
2026-05-22,Champion,Follower,allowed,196
2026-05-22,Champion,Follower,required,95
2026-05-22,Champion,Leader,allowed,190
2026-05-22,Champion,Leader,required,90
2026-05-22,Intermediate,Follower,allowed,3297
2026-05-22,Intermediate,Follower,required,2466
2026-05-22,Intermediate,Leader,allowed,2532
2026-05-22,Intermediate,Leader,required,1959
2026-05-22,Newcomer,Follower,required,1438
2026-05-22,Novice,Follower,allowed,10216
2026-05-22,Novice,Follower,required,9896
2026-05-22,Novice,Leader,allowed,6529
2026-05-22,Novice,Leader,required,7342
2026-05-27,Advanced,Follower,allowed,1669
2026-05-27,Advanced,Follower,required,1440
2026-05-27,Advanced,Leader,allowed,1435
2026-05-27,Advanced,Leader,required,1255
2026-05-27,All-Star,Follower,allowed,521
2026-05-27,All-Star,Follower,required,563
2026-05-27,All-Star,Leader,allowed,487
2026-05-27,All-Star,Leader,required,529
2026-05-27,Champion,Follower,allowed,196
2026-05-27,Champion,Follower,required,95
2026-05-27,Champion,Leader,allowed,190
2026-05-27,Champion,Leader,required,90
2026-05-27,Intermediate,Follower,allowed,3304
2026-05-27,Intermediate,Follower,required,2467
2026-05-27,Intermediate,Leader,allowed,2538
2026-05-27,Intermediate,Leader,required,1963
2026-05-27,Newcomer,Follower,required,1438
2026-05-27,Novice,Follower,allowed,10224
2026-05-27,Novice,Follower,required,9911
2026-05-27,Novice,Leader,allowed,6534
2026-05-27,Novice,Leader,required,7347
2026-06-03,Advanced,Follower,allowed,1669
2026-06-03,Advanced,Follower,required,1443
2026-06-03,Advanced,Leader,allowed,1437
2026-06-03,Advanced,Leader,required,1255
2026-06-03,All-Star,Follower,allowed,522
2026-06-03,All-Star,Follower,required,563
2026-06-03,All-Star,Leader,allowed,487
2026-06-03,All-Star,Leader,required,529
2026-06-03,Champion,Follower,allowed,196
2026-06-03,Champion,Follower,required,95
2026-06-03,Champion,Leader,allowed,190
2026-06-03,Champion,Leader,required,90
2026-06-03,Intermediate,Follower,allowed,3306
2026-06-03,Intermediate,Follower,required,2466
2026-06-03,Intermediate,Leader,allowed,2538
2026-06-03,Intermediate,Leader,required,1965
2026-06-03,Newcomer,Follower,required,1437
2026-06-03,Novice,Follower,allowed,10238
2026-06-03,Novice,Follower,required,9927
2026-06-03,Novice,Leader,allowed,6541
2026-06-03,Novice,Leader,required,7354
2026-06-10,Advanced,Follower,allowed,1669
2026-06-10,Advanced,Follower,required,1443
2026-06-10,Advanced,Leader,allowed,1437
2026-06-10,Advanced,Leader,required,1255
2026-06-10,All-Star,Follower,allowed,523
2026-06-10,All-Star,Follower,required,562
2026-06-10,All-Star,Leader,allowed,488
2026-06-10,All-Star,Leader,required,529
2026-06-10,Champion,Follower,allowed,197
2026-06-10,Champion,Follower,required,96
2026-06-10,Champion,Leader,allowed,190
2026-06-10,Champion,Leader,required,90
2026-06-10,Intermediate,Follower,allowed,3312
2026-06-10,Intermediate,Follower,required,2470
2026-06-10,Intermediate,Leader,allowed,2543
2026-06-10,Intermediate,Leader,required,1967
2026-06-10,Newcomer,Follower,required,1436
2026-06-10,Novice,Follower,allowed,10237
2026-06-10,Novice,Follower,required,9931
2026-06-10,Novice,Leader,allowed,6540
2026-06-10,Novice,Leader,required,7357
2026-06-17,Advanced,Follower,allowed,1670
2026-06-17,Advanced,Follower,required,1444
2026-06-17,Advanced,Leader,allowed,1438
2026-06-17,Advanced,Leader,required,1256
2026-06-17,All-Star,Follower,allowed,523
2026-06-17,All-Star,Follower,required,562
2026-06-17,All-Star,Leader,allowed,488
2026-06-17,All-Star,Leader,required,528
2026-06-17,Champion,Follower,allowed,197
2026-06-17,Champion,Follower,required,96
2026-06-17,Champion,Leader,allowed,190
2026-06-17,Champion,Leader,required,91
2026-06-17,Intermediate,Follower,allowed,3314
2026-06-17,Intermediate,Follower,required,2471
2026-06-17,Intermediate,Leader,allowed,2545
2026-06-17,Intermediate,Leader,required,1968
2026-06-17,Newcomer,Follower,required,1436
2026-06-17,Novice,Follower,allowed,10244
2026-06-17,Novice,Follower,required,9939
2026-06-17,Novice,Leader,allowed,6547
2026-06-17,Novice,Leader,required,7365
2026-06-23,Advanced,Follower,allowed,1673
2026-06-23,Advanced,Follower,required,1445
2026-06-23,Advanced,Leader,allowed,1440
2026-06-23,Advanced,Leader,required,1259
2026-06-23,All-Star,Follower,allowed,523
2026-06-23,All-Star,Follower,required,563
2026-06-23,All-Star,Leader,allowed,488
2026-06-23,All-Star,Leader,required,528
2026-06-23,Champion,Follower,allowed,197
2026-06-23,Champion,Follower,required,96
2026-06-23,Champion,Leader,allowed,190
2026-06-23,Champion,Leader,required,91
2026-06-23,Intermediate,Follower,allowed,3318
2026-06-23,Intermediate,Follower,required,2475
2026-06-23,Intermediate,Leader,allowed,2548
2026-06-23,Intermediate,Leader,required,1967
2026-06-23,Newcomer,Follower,required,1436
2026-06-23,Novice,Follower,allowed,10264
2026-06-23,Novice,Follower,required,9960
2026-06-23,Novice,Leader,allowed,6553
2026-06-23,Novice,Leader,required,7374
