event_id,canonical_name,url,registry_status,typical_city,typical_state,typical_country,typical_location,first_edition_year,last_edition_year,edition_count,total_result_rows,unique_dancers,upcoming_start_date,upcoming_location,updated_at
1,4TH of July Convention,http://phoenix4thofjuly.com/,Registry Event,Phoenix,Arizona,United States,"Phoenix, AZ, United States",1991.0,2025.0,33,3055,1514,2026-07-02,"Phoenix, AZ, United States",2026-06-27 09:25:01.285384+00
2,4TH of July Swing Bash,,,Fort Lauderdale,Florida,United States,"Ft. Lauderdale, FL",1997.0,1997.0,1,4,4,,"Ft. Lauderdale, FL",2026-06-27 09:25:01.285384+00
395,5280 Swing Dance Championships,,,,,,,,,0,0,0,,,2026-06-27 09:25:01.285384+00
197,5280 Westival,http://www.5280westival.com/,Registry Event,Denver,Colorado,United States,"Denver, CO, USA",2013.0,2026.0,13,1022,636,2027-03-11,"Denver, CO, USA",2026-06-27 09:25:01.285384+00
318,All Star SwingJam,http://www.allstarswingjam.com,,San Francisco,California,United States,"San Francisco, CA, USA",2022.0,2026.0,4,330,240,,"San Francisco, CA, USA",2026-06-27 09:25:01.285384+00
3,American Lindy Hop Championships,,,Stamford,Connecticut,United States,"Stamford, CT",2000.0,2003.0,3,101,91,,"Stamford, CT",2026-06-27 09:25:01.285384+00
94,American Open,,,Detroit,Michigan,United States,"Detroit, MI",2004.0,2004.0,1,10,10,,"Detroit, MI",2026-06-27 09:25:01.285384+00
4,American Swing Dance Championships,,,New York,New York,United States,"New York, NY",1994.0,1998.0,5,104,86,,"New York, NY",2026-06-27 09:25:01.285384+00
278,Americano Dance Camp,https://t.me/americamodancecamp%20https://vk.com/americano2025,Registry Event,Samara,,Russia,"Samara, Samara state, Russia",2017.0,2025.0,8,482,263,2026-07-02,"Samara, Samara state, Russia",2026-06-27 09:25:01.285384+00
67,Americas Classic,,,Houston,Texas,United States,"Houston, TX",1995.0,2014.0,19,1150,638,,"Houston, TX",2026-06-27 09:25:01.285384+00
276,Anchor Festival,,,Hamburg,,Germany,"Hamburg, Germany",2017.0,2019.0,3,225,192,,"Hamburg, Germany",2026-06-27 09:25:01.285384+00
243,Anti Valentines,,,Tuscaloosa,Alabama,United States,"Tuscaloosa, AL",2015.0,2015.0,1,39,39,,"Tuscaloosa, AL",2026-06-27 09:25:01.285384+00
77,Arizona Dance Classic,,,Phoenix,Arizona,United States,"Phoenix, AZ",2002.0,2025.0,19,699,430,,"Phoenix, AZ",2026-06-27 09:25:01.285384+00
396,Arizona Dance Classic (Cancelled due to Covid-19),,,,,,,,,0,0,0,,,2026-06-27 09:25:01.285384+00
344,Arousa Westie Fest,https://www.arousawestiefest.com/,Registry Event,Sanxenxo,,Spain,"Sanxenxo, Galicia/Pontevedra, Spain",2025.0,2026.0,2,192,128,2027-02-18,"Sanxenxo, Galicia/Pontevedra, Spain",2026-06-27 09:25:01.285384+00
491,Asia WCS Open,,,,,,,,,0,0,0,,,2026-06-27 09:25:01.285384+00
397,Asia WCS Open - 10th Anniversary,,,,,,,,,0,0,0,,,2026-06-27 09:25:01.285384+00
398,Asia WCS Open XI,https://www.streetswing.co.nz/the-new-zealand-open,Registry Event,,,New Zealand,"Auckland, New Zealand",,,0,0,0,2026-10-15,"Auckland, New Zealand",2026-06-27 09:25:01.285384+00
399,Asia WCS Open XIII,,,,,,,,,0,0,0,,,2026-06-27 09:25:01.285384+00
218,Asia West Coast Swing Open,https://asiawcsopen.com/,Registry Event,Singapore,,Singapore,"Singapore, Singapore",2013.0,2026.0,11,881,529,2027-04-15,"Singapore, Singapore",2026-06-27 09:25:01.285384+00
202,Asian WCS Open Swingvitation,,,,,,,,,0,0,0,,,2026-06-27 09:25:01.285384+00
211,Atlanta Swing Classic,https://www.atlantaswingclassic.com/,Registry Event,Atlanta,Georgia,United States,"Atlanta, GA, USA",2013.0,2025.0,12,1530,976,2026-10-01,"Atlanta, GA, USA",2026-06-27 09:25:01.285384+00
350,Augsburg Westie Station,https://www.augsburgwestiestation.com/,Registry Event,Augsburg,,Germany,"Augsburg, Bavaria, Germany",2024.0,2025.0,2,190,158,2026-10-22,"Augsburg, Bavaria, Germany",2026-06-27 09:25:01.285384+00
300,Austin Rocks,https://atxrox.com/,Registry Event,Austin,Texas,United States,"Austin, Texas, TX, USA",2018.0,2025.0,4,413,330,2026-09-18,"Austin, Texas, TX, USA",2026-06-27 09:25:01.285384+00
200,Austin Swing Dance Championships,https://austinswingdance.com/,Registry Event,Austin,Texas,United States,"Austin, Texas, USA",2013.0,2026.0,11,1134,664,2027-01-14,"Austin, Texas, USA",2026-06-27 09:25:01.285384+00
400,Austin Swing Dance Championships (ASDC),,,,,,,,,0,0,0,,,2026-06-27 09:25:01.285384+00
274,Australasian WCS & Zouk Champs,,,Queensland,,Australia,"Queensland, Australia",2017.0,2017.0,1,50,50,,"Queensland, Australia",2026-06-27 09:25:01.285384+00
180,Australian Open Swing Dance Championships,,,Melbourne,,Australia,"Melbourne, Australia",2011.0,2015.0,5,243,155,,"Melbourne, Australia",2026-06-27 09:25:01.285384+00
173,Austrian Open,,,Vienna,,Austria,"Vienna, Austria",2011.0,2011.0,1,30,30,,"Vienna, Austria",2026-06-27 09:25:01.285384+00
247,Austrian WCS Spectacle,,,Vienna,,Austria,"Vienna, Austria",2015.0,2017.0,3,129,110,,"Vienna, Austria",2026-06-27 09:25:01.285384+00
269,Autumn Swing Challenge,http://www.asc-budapest.com/,Registry Event,Budapest,,Hungary,"Budapest, Hungary",2016.0,2025.0,8,699,428,2026-11-13,"Budapest, Hungary",2026-06-27 09:25:01.285384+00
309,Avignon City Swing,https://www.avignoncityswing.com/,Registry Event,Nimes,,France,"Nimes, Occitanie, France",2020.0,2026.0,5,471,303,2027-01-15,"Nimes, Occitanie, France",2026-06-27 09:25:01.285384+00
5,Bakersfield Swing Bash,,,Bakersfield,California,United States,"Bakersfield, CA",1998.0,1998.0,1,40,38,,"Bakersfield, CA",2026-06-27 09:25:01.285384+00
222,Baltic Swing,http://www.balticswing.com,,Gdańsk,,Poland,"Gdańsk, Pomorskie, Poland",2014.0,2026.0,11,1115,744,,"Gdańsk, Pomorskie, Poland",2026-06-27 09:25:01.285384+00
374,Barock Swing Ludwigsburg,https://baroqueswing.com/,Registry Event,Ludwigsburg,,Germany,"Ludwigsburg, Baden-Württemberg, Deutschland",2025.0,2025.0,1,93,83,2026-06-25,"Ludwigsburg, Baden-Württemberg, Deutschland",2026-06-27 09:25:01.285384+00
233,Bavarian Open,https://bavarianopen.com/,Registry Event,Munich,,Germany,"Munich, Bavaria, Germany",2014.0,2025.0,10,1032,696,2026-09-10,"Munich, Bavaria, Germany",2026-06-27 09:25:01.285384+00
401,Bavarian Open WCS,,,,,,,,,0,0,0,,,2026-06-27 09:25:01.285384+00
402,Bavarian Open West Coast Swing Championships,,,,,,,,,0,0,0,,,2026-06-27 09:25:01.285384+00
6,Bay Swingers,,,San Francisco,California,United States,"San Francisco, CA",1992.0,1995.0,4,29,23,,"San Francisco, CA",2026-06-27 09:25:01.285384+00
347,BeeMAD,https://beemadwcs.com/,Registry Event,Madrid,,Spain,"Madrid, Spain",2025.0,2026.0,2,163,127,2027-04-29,"Madrid, Spain",2026-06-27 09:25:01.285384+00
271,Berlin Swing Revolution,https://berlinswingrevolution.com/,Registry Event,Berlin,,Germany,"Berlin, Berlin, Germany",2016.0,2025.0,8,523,380,2026-12-10,"Berlin, Berlin, Germany",2026-06-27 09:25:01.285384+00
492,Best of the Best,,,,,,,,,0,0,0,,,2026-06-27 09:25:01.285384+00
167,Best of the Best WCS,https://www.bestofthebestwcs.com/,Registry Event,Sydney,,Australia,"Sydney, NSW, Australia",2011.0,2025.0,13,690,342,2026-09-24,"Sydney, NSW, Australia",2026-06-27 09:25:01.285384+00
156,Big Apple Dance Festival,http://bigapplecountrydance.com/,,Morristown,New Jersey,United States,"Morristown, NJ, US",2009.0,2025.0,15,447,318,,"Morristown, NJ, US",2026-06-27 09:25:01.285384+00
403,Big Apple Dance Festival/World Hustle Championships,,,,,,,,,0,0,0,,,2026-06-27 09:25:01.285384+00
7,Boogie & Blues,,,Long Beach,California,United States,"Long Beach, CA",1995.0,2003.0,9,454,291,,"Long Beach, CA",2026-06-27 09:25:01.285384+00
8,Boogie By The Bay,https://boogiebythebay.com/,Registry Event,San Francisco,California,United States,"San Francisco, CA, USA",1993.0,2025.0,31,3312,1640,2026-10-08,"San Francisco, CA, USA",2026-06-27 09:25:01.285384+00
146,Boston Dance Challenge,,,Boston,Massachusetts,United States,"Boston, MA",2008.0,2012.0,4,182,144,,"Boston, MA",2026-06-27 09:25:01.285384+00
122,Boston Dance Revolution,,,Boston,Massachusetts,United States,"Boston, MA",2006.0,2008.0,3,81,67,,"Boston, MA",2026-06-27 09:25:01.285384+00
9,Boston Tea Party,http://teapartyswings.com/,Registry Event,Boston,Massachusetts,United States,"Boston, MA, US",1997.0,2026.0,26,2393,1406,2027-03-19,"Boston, MA, US",2026-06-27 09:25:01.285384+00
110,Brandin' Iron Dance Festival,,,San Bernardino,California,United States,"San Bernardino, CA",2005.0,2007.0,3,83,63,,"San Bernardino, CA",2026-06-27 09:25:01.285384+00
493,BridgeTown Swing,,,,,,,,,0,0,0,,,2026-06-27 09:25:01.285384+00
10,Bridgetown Swing Boogie,,,Vancouver,Washington,United States,"Vancouver, WA",2001.0,2023.0,21,1672,878,,"Vancouver, WA",2026-06-27 09:25:01.285384+00
339,Bristol Swing Fiesta,https://www.bristolcityswing.com/bsf,Registry Event,Bristol,England,United Kingdom,"Bristol, Bristol, City of, United Kingdom",2024.0,2025.0,2,171,129,2026-08-28,"Bristol, Bristol, City of, United Kingdom",2026-06-27 09:25:01.285384+00
114,British Columbia Dance Challenge,,,Richmond,British Columbia,Canada,"Richmond, Canada",2006.0,2007.0,2,83,64,,"Richmond, Canada",2026-06-27 09:25:01.285384+00
324,BTO Open,https://ctodance.ca/,Registry Event,Calgary,Alberta,Canada,"Calgary, Alberta, Canada",2023.0,2025.0,3,230,162,2026-09-24,"Calgary, Alberta, Canada",2026-06-27 09:25:01.285384+00
184,BudaFest Open WCS Championships,http://wcs-budafest.com/,Registry Event,Budapest,,Hungary,"Budapest, Budapest, Hungary",2012.0,2026.0,14,1779,1151,2027-01-05,"Budapest, Budapest, Hungary",2026-06-27 09:25:01.285384+00
404,C.A.S.H. Bash,,,,,,,,,0,0,0,,,2026-06-27 09:25:01.285384+00
494,C.A.S.H. Bash Weekend,,,,,,,,,0,0,0,,,2026-06-27 09:25:01.285384+00
116,Calgary Dance Stampede,http://www.calgarydancestampede.com/,Registry Event,Calgary,Alberta,Canada,"Calgary, AB, Canada",2006.0,2026.0,8,258,177,2027-04-29,"Calgary, AB, Canada",2026-06-27 09:25:01.285384+00
11,California State Championships,,,Buena Park,California,United States,"Buena Park, CA",1997.0,1999.0,3,134,107,,"Buena Park, CA",2026-06-27 09:25:01.285384+00
105,Canadian Swing Championships,http://www.canadianswingchampionships.com,,Montreal,Quebec,Canada,"Montreal, Canada",2005.0,2026.0,18,638,399,,"Montreal, Canada",2026-06-27 09:25:01.285384+00
405,Canadian Swing Championships (CSC),,,Milan,,Italy,"Milan, Italy",2026.0,2026.0,1,92,80,,"Milan, Italy",2026-06-27 09:25:01.285384+00
406,Capital Swing Convention,,,,,,,,,0,0,0,,,2026-06-27 09:25:01.285384+00
12,Capital Swing Dance Convention,http://www.capitalswingconvention.com/,Registry Event,Sacramento,California,United States,"Sacramento, CA, USA",1993.0,2026.0,32,3784,1858,2027-02-11,"Sacramento, CA, USA",2026-06-27 09:25:01.285384+00
407,Capital Swing Dancers' President's Day,,,,,,,,,0,0,0,,,2026-06-27 09:25:01.285384+00
408,Capital Swing Presidents' Day Convention,,,,,,,,,0,0,0,,,2026-06-27 09:25:01.285384+00
150,Carolina Groove,,,North Myrtle Beach,South Carolina,United States,"N. Myrtle Beach, SC",2008.0,2008.0,1,35,34,,"N. Myrtle Beach, SC",2026-06-27 09:25:01.285384+00
373,Carolina Summer Swing,https://carolinasummerswing.com/,Registry Event,Greenville,South Carolina,United States,"Greenville, South Carolina, SC, USA",2025.0,2025.0,1,122,109,2026-07-09,"Greenville, South Carolina, SC, USA",2026-06-27 09:25:01.285384+00
87,CASH Bash,https://cashdanceclub.org/cash-bash/,Registry Event,Cleveland,Ohio,United States,"Cleveland, OH, United States",2003.0,2025.0,21,1217,623,2026-11-26,"Cleveland, OH, United States",2026-06-27 09:25:01.285384+00
93,Champion's Weekend (MD),,,College Park,Maryland,United States,"College Park, MD",2004.0,2007.0,4,55,39,,"College Park, MD",2026-06-27 09:25:01.285384+00
123,Champions Weekend (MA),,,Natick,Massachusetts,United States,"Natick, MA",2006.0,2007.0,2,68,57,,"Natick, MA",2026-06-27 09:25:01.285384+00
273,Charlotte Westie Fest,https://charlottewestiefest.com/,Registry Event,Charlotte,North Carolina,United States,"Charlotte, NC, USA, North Carolina, USA",2017.0,2026.0,9,1280,781,2027-02-04,"Charlotte, NC, USA, North Carolina, USA",2026-06-27 09:25:01.285384+00
409,Charlotte WestieFest,,,,,,,,,0,0,0,,,2026-06-27 09:25:01.285384+00
13,Chicago Classic,,,Chicago,Illinois,United States,"Chicago, IL",1997.0,2012.0,4,342,298,,"Chicago, IL",2026-06-27 09:25:01.285384+00
90,Chicago Dance Challenge,,,Chicago,Illinois,United States,"Chicago, IL",2003.0,2003.0,1,43,38,,"Chicago, IL",2026-06-27 09:25:01.285384+00
410,Chicagoland,,,,,,,,,0,0,0,,,2026-06-27 09:25:01.285384+00
99,Chicagoland Country & Swing Dance Festival,,,,,,,,,0,0,0,,,2026-06-27 09:25:01.285384+00
119,Chicagoland Country and Swing Dance Festival,http://www.chicagolanddancefestival.com/,Registry Event,Chicago,Illinois,United States,"Chicago, Illinois, USA",2004.0,2025.0,21,1139,663,2026-08-21,"Chicago, Illinois, USA",2026-06-27 09:25:01.285384+00
495,Chicagoland Dance Festival,,,,,,,,,0,0,0,,,2026-06-27 09:25:01.285384+00
126,Chico Dance Sensation,,,Chico,California,United States,"Chico, CA",2006.0,2012.0,7,558,364,,"Chico, CA",2026-06-27 09:25:01.285384+00
284,Citadel Swing,,,Timisoara,,Romania,"Timisoara, Romania",2017.0,2019.0,3,242,204,,"Timisoara, Romania",2026-06-27 09:25:01.285384+00
411,Citadel Swing (Cancelled due to Covid-19),,,,,,,,,0,0,0,,,2026-06-27 09:25:01.285384+00
496,City of Angels,,,,,,,,,0,0,0,,,2026-06-27 09:25:01.285384+00
412,City of Angels Swing Event,,,,,,,,,0,0,0,,,2026-06-27 09:25:01.285384+00
187,City of Angels WCS,https://cityofangelswcs.com/,Registry Event,Burbank,California,United States,"Burbank, CA, United States",2012.0,2026.0,13,1628,940,2027-04-29,"Burbank, CA, United States",2026-06-27 09:25:01.285384+00
109,Colorado Country Classic,https://coloradocountryclassic.net/,Registry Event,Denver,Colorado,United States,"Denver, Colorado, Colorado, USA",2005.0,2025.0,17,782,425,2026-06-25,"Denver, Colorado, Colorado, USA",2026-06-27 09:25:01.285384+00
145,Come Rain Come Shine,,,Portland,Oregon,United States,"Portland, OR",2008.0,2010.0,3,134,112,,"Portland, OR",2026-06-27 09:25:01.285384+00
334,Countdown Swing Boston,http://countdownswingboston.com/,Registry Event,Boston,Massachusetts,United States,"Boston, Massachusetts, United States",1995.0,2026.0,23,1848,1059,2026-12-31,"Boston, Massachusetts, United States",2026-06-27 09:25:01.285384+00
14,Country Boogie,,,Buena Park,California,United States,"Buena Park, CA",1994.0,1999.0,6,233,178,,"Buena Park, CA",2026-06-27 09:25:01.285384+00
413,Country Dance World Championships,,,,,,,,,0,0,0,,,2026-06-27 09:25:01.285384+00
220,D-Town Swing,http://www.d-townswing.com/,Registry Event,Düsseldorf,,Germany,"Boston Club, NRW, Germany",2014.0,2026.0,11,1186,753,2027-06-10,"Boston Club, NRW, Germany",2026-06-27 09:25:01.285384+00
497,D-Townswing,,,,,,,,,0,0,0,,,2026-06-27 09:25:01.285384+00
115,Da Dance Camp,,,Chicago,Illinois,United States,"Chicago, IL",2006.0,2010.0,4,120,106,,"Chicago, IL",2026-06-27 09:25:01.285384+00
15,Dallas D.A.N.C.E.,,,Dallas,Texas,United States,"Dallas, TX",1992.0,2018.0,27,1338,651,,"Dallas, TX",2026-06-27 09:25:01.285384+00
113,Dallas Dance Festival,,,Dallas,Texas,United States,"Dallas, TX",2005.0,2006.0,2,49,46,,"Dallas, TX",2026-06-27 09:25:01.285384+00
102,Dance America Seattle,,,Seattle,Washington,United States,"Seattle, WA",2005.0,2005.0,1,30,30,,"Seattle, WA",2026-06-27 09:25:01.285384+00
169,Dance Camp Chicago,,,Elmhurst,Illinois,United States,"Elmhurst, IL",2011.0,2019.0,9,530,339,,"Elmhurst, IL",2026-06-27 09:25:01.285384+00
372,Dance Jam Jack & Jill Weekend,https://dancejamproductions.com/westieweekend/,Registry Event,Washington,District of Columbia,United States,"Washington DC, MD, USA",2025.0,2026.0,2,167,137,2027-05-07,"Washington DC, MD, USA",2026-06-27 09:25:01.285384+00
148,Dance Mardi Gras,http://www.dancemardigras.com,,New Orleans,Louisiana,United States,"New Orleans, LA",2008.0,2025.0,14,769,497,,"New Orleans, LA",2026-06-27 09:25:01.285384+00
207,Dance N Play,https://dancenplay.com/,,Bend,Oregon,United States,"Bend, Oregon, United States",2013.0,2025.0,9,532,348,,"Bend, Oregon, United States",2026-06-27 09:25:01.285384+00
16,Dancers Fund/Moover & Groover/SwingExpo,,,Las Vegas,Nevada,United States,"Las Vegas, NV",1992.0,2001.0,2,79,67,,"Las Vegas, NV",2026-06-27 09:25:01.285384+00
498,DC Swing eXperience,,,,,,,,,0,0,0,,,2026-06-27 09:25:01.285384+00
414,DC Swing eXperience  (DCSX),,,,,,,,,0,0,0,,,2026-06-27 09:25:01.285384+00
181,DC Swing eXperience (DCSX),http://www.dcswingexperience.com/,Registry Event,Washington,District of Columbia,United States,"Washington, DC., VA, USA",2011.0,2025.0,13,1674,1010,2026-11-19,"Washington, DC., VA, USA",2026-06-27 09:25:01.285384+00
415,DC Swing Experience (DCSX),,,,,,,,,0,0,0,,,2026-06-27 09:25:01.285384+00
242,Derby City Swing,https://derbycityswing.com/,Registry Event,Louisville,Kentucky,United States,"Louisville, Kentucky, United States",2015.0,2026.0,10,911,556,2027-01-21,"Louisville, Kentucky, United States",2026-06-27 09:25:01.285384+00
135,Desert City Swing,http://www.desertcityswing.com/,Registry Event,Phoenix,Arizona,United States,"Phoenix, AZ, USA",2007.0,2025.0,18,2034,1045,2026-08-27,"Phoenix, AZ, USA",2026-06-27 09:25:01.285384+00
416,Desert City Swing Dance Championships,,,,,,,,,0,0,0,,,2026-06-27 09:25:01.285384+00
17,Desert Swing Dance Club,,,Palm Springs,California,United States,"Palm Springs, CA",1996.0,1996.0,1,6,6,,"Palm Springs, CA",2026-06-27 09:25:01.285384+00
203,Detonation Dance,http://www.detonationdance.com/,Registry Event,Manchester,England,United Kingdom,"Manchester, Manchester, United Kingdom",2013.0,2026.0,12,802,497,2027-04-22,"Manchester, Manchester, United Kingdom",2026-06-27 09:25:01.285384+00
163,DFW Pro Am Jam,,,Dallas,Texas,United States,"Dallas, TX",2010.0,2014.0,5,252,194,,"Dallas, TX",2026-06-27 09:25:01.285384+00
417,DOWCS,,,,,,,,,0,0,0,,,2026-06-27 09:25:01.285384+00
499,Dutch Open,,,,,,,,,0,0,0,,,2026-06-27 09:25:01.285384+00
418,Dutch open West Coast swing,,,,,,,,,0,0,0,,,2026-06-27 09:25:01.285384+00
275,Dutch Open West Coast Swing,http://www.dutchopenwcs.com/,Registry Event,Venray,,Nederland,"Venray, Limburg, Nederland",2017.0,2026.0,7,451,292,2027-03-11,"Venray, Limburg, Nederland",2026-06-27 09:25:01.285384+00
500,Easter Swing,,,,,,,,,0,0,0,,,2026-06-27 09:25:01.285384+00
501,Easter Swing 2026,,,,,,,,,0,0,0,,,2026-06-27 09:25:01.285384+00
19,Eastern/Washington Dance Challenge,,,Washington,District of Columbia,United States,"Washington, DC",2000.0,2010.0,10,471,330,,"Washington, DC",2026-06-27 09:25:01.285384+00
348,Euro Dance Festival,https://www.euro-dance-festival.com/,Registry Event,Rust,,Germany,"Rust, Baden-Württemberg, Deutschland",2025.0,2026.0,2,237,184,2027-02-09,"Rust, Baden-Württemberg, Deutschland",2026-06-27 09:25:01.285384+00
294,European Swing Challenge,https://www.jiveaddiction.com/,,Windsor,,United Kingdom,"Windsor, United Kingdom",2018.0,2019.0,2,79,69,,"Windsor, United Kingdom",2026-06-27 09:25:01.285384+00
296,Fall Fall in Swing,https://www.wcskorea.com/ffs,,Seoul,,Republic of Korea,"Seoul, Republic of Korea",2018.0,2018.0,1,37,37,,"Seoul, Republic of Korea",2026-06-27 09:25:01.285384+00
371,Festival City Swing,https://www.fcswing.co.uk/,Registry Event,Newcastle,England,United Kingdom,"Newcastle,  United Kingdom",2025.0,2026.0,2,127,83,2027-06-03,"Newcastle,  United Kingdom",2026-06-27 09:25:01.285384+00
254,Finnfest,http://www.finnfest.fi/,Registry Event,Helsinki,,Finland,"Helsinki, Uusimaa, Finalnd",2015.0,2025.0,9,725,451,2026-09-18,"Helsinki, Uusimaa, Finalnd",2026-06-27 09:25:01.285384+00
419,Floor Play Swing Vacation,,,,,,,,,0,0,0,,,2026-06-27 09:25:01.285384+00
420,Floorplay New Years Swing Vacation,,,,,,,,,0,0,0,,,2026-06-27 09:25:01.285384+00
421,FloorPlay New Years Swing Vacation,,,,,,,,,0,0,0,,,2026-06-27 09:25:01.285384+00
42,Floorplay Swing Vacation,http://www.floorplayswingvacation.com/,Registry Event,Orlando,Florida,United States,"Orlando, Florida, United States",2001.0,2026.0,20,1508,810,2026-12-30,"Orlando, Florida, United States",2026-06-27 09:25:01.285384+00
149,Florida Dance Magic,https://floridadancemagic.com/,Registry Event,Fort Lauderdale,Florida,United States,"Fort Lauderdale, Florida, USA",2008.0,2025.0,15,936,540,2026-07-23,"Fort Lauderdale, Florida, USA",2026-06-27 09:25:01.285384+00
422,Florida Dance Magic (Unconfirmed),,,,,,,,,0,0,0,,,2026-06-27 09:25:01.285384+00
287,Florida Westie Fest,,,Tampa,Florida,United States,"Tampa, FL",2017.0,2018.0,2,114,89,,"Tampa, FL",2026-06-27 09:25:01.285384+00
365,Flowstate | West Coast Swing & Zouk Festival,http://www.flowstatefest.com/,Registry Event,London,England,United Kingdom,"London, London, United Kingdom",2025.0,2025.0,1,58,55,2026-11-13,"London, London, United Kingdom",2026-06-27 09:25:01.285384+00
183,Freedom Swing Dance Challenge,https://freedomswingdance.com/,Registry Event,Wilmington,Delaware,United States,"Wilmington, DE, United States",2012.0,2026.0,14,1263,709,2027-01-22,"Wilmington, DE, United States",2026-06-27 09:25:01.285384+00
369,FRENCH CONNECTION WCS,https://www.frenchconnectionwcs.com/,Registry Event,Annecy,,France,"Annecy, Haute Savoie, France",2025.0,2025.0,1,118,108,2026-07-03,"Annecy, Haute Savoie, France",2026-06-27 09:25:01.285384+00
502,French Open WCS,,,,,,,,,0,0,0,,,2026-06-27 09:25:01.285384+00
175,French Open West Coast Swing,http://www.fowcs.com,,Paris,,France,"Paris, France",2011.0,2026.0,14,1697,903,,"Paris, France",2026-06-27 09:25:01.285384+00
20,FreZno Dance Classic,,,Fresno,California,United States,"Fresno, CA",1994.0,2019.0,26,2074,959,,"Fresno, CA",2026-06-27 09:25:01.285384+00
226,Ft. Lauderdale Swing & Shag Beach Bash,,,Fort Lauderdale,Florida,United States,"Ft. Lauderdale, FL",2014.0,2018.0,5,213,129,,"Ft. Lauderdale, FL",2026-06-27 09:25:01.285384+00
221,Gateway Swing Classic,http://gatewayswing.com,,St. Louis,Missouri,United States,"St. Louis, MO, USA",2014.0,2026.0,9,495,338,,"St. Louis, MO, USA",2026-06-27 09:25:01.285384+00
282,German Open,http://www.go-wcs.com/,Registry Event,Freiburg,,Germany,"Freiburg, Baden-Württemberg, Germany",2017.0,2025.0,7,803,529,2026-08-05,"Freiburg, Baden-Württemberg, Germany",2026-06-27 09:25:01.285384+00
423,German Open Championships,,,,,,,,,0,0,0,,,2026-06-27 09:25:01.285384+00
424,German Open WCS Championships,,,,,,,,,0,0,0,,,2026-06-27 09:25:01.285384+00
425,German Open West Coast Swing,,,,,,,,,0,0,0,,,2026-06-27 09:25:01.285384+00
426,Global Grand Prix - West Coast Swing,,,,,,,,,0,0,0,,,2026-06-27 09:25:01.285384+00
427,Global Grand Prix - West Coast Swing Championships,,,,,,,,,0,0,0,,,2026-06-27 09:25:01.285384+00
342,Global Grand Prix - West Coast Swing Reunion,https://www.globalgrandprixwcs.com/,Trial Event,Toulouse-Blagnac,,France,"Toulouse-Blagnac, Occitanie, France",2023.0,2025.0,3,363,260,2026-09-18,"Toulouse-Blagnac, Occitanie, France",2026-06-27 09:25:01.285384+00
306,Go West Swing Fest,http://www.gowestswingfest.com,,Fremantle,,Australia,"Fremantle, Australia",2019.0,2019.0,1,32,31,,"Fremantle, Australia",2026-06-27 09:25:01.285384+00
367,Go West SwingFest,https://www.gowestdancefest.com/go-west-swingfest,,Perth,,Australia,"Perth, Western Australia",2024.0,2025.0,2,66,45,,"Perth, Western Australia",2026-06-27 09:25:01.285384+00
21,Golden State Classic,,,Buena Park,California,United States,"Buena Park, CA",1996.0,1998.0,3,110,87,,"Buena Park, CA",2026-06-27 09:25:01.285384+00
384,Grand Party Sofia (GPS),https://wcs-gps.com/,Registry Event,Sofia,,Bulgaria,"Sofia, Sofia, Bulgaria",2025.0,2025.0,1,77,69,2026-08-14,"Sofia, Sofia, Bulgaria",2026-06-27 09:25:01.285384+00
97,Grand Prix of Swing,,,Kansas City,Missouri,United States,"Kansas City, MO",2004.0,2011.0,8,407,252,,"Kansas City, MO",2026-06-27 09:25:01.285384+00
503,H-Town Throw Down,,,,,,,,,0,0,0,,,2026-06-27 09:25:01.285384+00
136,Halloween In Harrisburg & Swingzing,,,Carlisle,Pennsylvania,United States,"Carlisle, PA",2007.0,2009.0,2,16,16,,"Carlisle, PA",2026-06-27 09:25:01.285384+00
65,Halloween SwingThing,http://hstswing.com/,Registry Event,Costa Mesa,California,United States,"Costa Mesa, Ca, USA",1994.0,2025.0,30,2359,1270,2026-10-22,"Costa Mesa, Ca, USA",2026-06-27 09:25:01.285384+00
140,Hawaii Dance Sensation,,,Honolulu,Hawaii,United States,"Honolulu, HI",2007.0,2007.0,1,20,20,,"Honolulu, HI",2026-06-27 09:25:01.285384+00
143,High Desert Dance Classic,http://www.highdesertdanceclassic.com/,Registry Event,Lancaster,California,United States,"Lancaster,  CA, United States",2008.0,2026.0,15,1004,507,2027-03-12,"Lancaster,  CA, United States",2026-06-27 09:25:01.285384+00
245,Holy Land Open,,,Eilat,,Israel,"Eilat, Israel",2015.0,2016.0,2,99,84,,"Eilat, Israel",2026-06-27 09:25:01.285384+00
345,HONEY FEST,https://t.me/honeyfest,Registry Event,Ufa,,Russia,"Ufa, Russia",2024.0,2026.0,3,255,159,2027-04-22,"Ufa, Russia",2026-06-27 09:25:01.285384+00
206,Hungarian Open,http://wcs-ho.com/,,Budapest,,Hungary,"Budapest, Pest, Hungary",2013.0,2026.0,11,895,566,,"Budapest, Pest, Hungary",2026-06-27 09:25:01.285384+00
23,HustleMania,,,Fresno,California,United States,"Fresno, CA",1999.0,1999.0,1,38,38,,"Fresno, CA",2026-06-27 09:25:01.285384+00
255,Indy Dance Explosion,http://www.indydancex.com,,Fort Wayne,Indiana,United States,"Fort Wayne, IN, USA",2015.0,2025.0,8,350,229,,"Fort Wayne, IN, USA",2026-06-27 09:25:01.285384+00
85,Indy Swing Classic,,,Indianapolis,Indiana,United States,"Indianapolis, IN",2003.0,2006.0,4,173,125,,"Indianapolis, IN",2026-06-27 09:25:01.285384+00
160,Inland Valley Dance Festival,,,San Bernardino,California,United States,"San Bernardino, CA",2008.0,2009.0,2,76,53,,"San Bernardino, CA",2026-06-27 09:25:01.285384+00
172,International Hustle & Salsa Congress,,,Orlando,Florida,United States,"Orlando, FL",2011.0,2014.0,4,144,97,,"Orlando, FL",2026-06-27 09:25:01.285384+00
257,Italian Open,,,Milan,,Italy,"Milan, Italy",2015.0,2017.0,3,294,254,,"Milan, Italy",2026-06-27 09:25:01.285384+00
24,J&J National Championships,,,Las Vegas,Nevada,United States,"Las Vegas, NV",1996.0,1996.0,1,39,37,,"Las Vegas, NV",2026-06-27 09:25:01.285384+00
25,J&J O'Rama,https://jackandjillorama.com/,,Anaheim,California,United States,"Anaheim/Garden Grove, CA, United States",1995.0,2026.0,29,2841,1459,,"Anaheim/Garden Grove, CA, United States",2026-06-27 09:25:01.285384+00
428,Jack & Jill O'Rama,,,,,,,,,0,0,0,,,2026-06-27 09:25:01.285384+00
504,Jax Westie Fest,,,,,,,,,0,0,0,,,2026-06-27 09:25:01.285384+00
26,Jitterbug Jam,,,Thousand Oaks,California,United States,"Thousand Oaks, CA",1999.0,1999.0,1,12,12,,"Thousand Oaks, CA",2026-06-27 09:25:01.285384+00
283,Kazan EL Fest,,,Kazan,,Russia,"Kazan, Russia",2017.0,2023.0,5,206,166,,"Kazan, Russia",2026-06-27 09:25:01.285384+00
279,Kazan EL Fest,https://vk.com/kazanelfest,,,,,,,,0,0,0,,,2026-06-27 09:25:01.285384+00
88,KC Swing Challenge and Heartland Dance Festival,,,Kansas City,Missouri,United States,"Kansas City, MO",2003.0,2003.0,1,54,51,,"Kansas City, MO",2026-06-27 09:25:01.285384+00
292,King Swing,https://kingswing.pl/,Registry Event,Kraków,,Poland,"Kraków, malopolska, Polska",2018.0,2026.0,7,771,553,2027-03-18,"Kraków, malopolska, Polska",2026-06-27 09:25:01.285384+00
219,KIWI Fest,,,Kiev,,Ukraine,"Kiev, Ukraine",2014.0,2019.0,6,377,288,,"Kiev, Ukraine",2026-06-27 09:25:01.285384+00
268,Korea Westival,http://koreawestival.com/,Registry Event,Jeju,,Republic of Korea,"Jeju, Jeju, South Korea",2016.0,2025.0,7,394,198,2026-09-03,"Jeju, Jeju, South Korea",2026-06-27 09:25:01.285384+00
429,Korean Open Swing Dance Championships,,,,,,,,,0,0,0,,,2026-06-27 09:25:01.285384+00
210,Korean Open WCS Championships,https://www.kopenwcs.com/,,Incheon,,Republic of Korea,"Incheon, South Korea",2013.0,2026.0,5,499,349,,"Incheon, South Korea",2026-06-27 09:25:01.285384+00
430,Korean Open WCS Championsips,,,,,,,,,0,0,0,,,2026-06-27 09:25:01.285384+00
27,Labor Day Swing Dance Festival,,,Buena Park,California,United States,"Buena Park, CA",1994.0,1997.0,4,141,109,,"Buena Park, CA",2026-06-27 09:25:01.285384+00
28,Las Vegas Swing Expo,,,Las Vegas,Nevada,United States,"Las Vegas, NV",1992.0,2004.0,10,211,136,,"Las Vegas, NV",2026-06-27 09:25:01.285384+00
96,Liberty Swing Dance Championships,http://www.libertyswing.com/,Registry Event,New Brunswick,New Jersey,United States,"New Brunswick, New Jersey, USA",2004.0,2025.0,20,2344,1478,2026-06-25,"New Brunswick, New Jersey, USA",2026-06-27 09:25:01.285384+00
382,Lisbon Westie Fest,https://lisbonwestiefest.com/,Registry Event,Lisbon,,Portugal,"Lisbon,  Portugal",2025.0,2025.0,1,100,88,2026-07-30,"Lisbon,  Portugal",2026-06-27 09:25:01.285384+00
166,London SwingVitational,,,Windsor,,United Kingdom,"Windsor, United Kingdom",2010.0,2019.0,8,394,277,,"Windsor, United Kingdom",2026-06-27 09:25:01.285384+00
120,Lone Star Invitational,,,Austin,Texas,United States,"Austin, TX",2006.0,2025.0,19,824,522,,"Austin, TX",2026-06-27 09:25:01.285384+00
431,Lonestar Invitational,,,,,,,,,0,0,0,,,2026-06-27 09:25:01.285384+00
432,LoneStar Invitational,,,,,,,,,0,0,0,,,2026-06-27 09:25:01.285384+00
104,Los Angeles Premiere Dance Classic,,,Los Angeles,California,United States,"Los Angeles, CA",2005.0,2011.0,7,470,297,,"Los Angeles, CA",2026-06-27 09:25:01.285384+00
505,MADjam,,,,,,,,,0,0,0,,,2026-06-27 09:25:01.285384+00
433,MADjam (Mid Atlantic Dance Jam),,,,,,,,,0,0,0,,,2026-06-27 09:25:01.285384+00
111,MadMAC,,,Madison,Wisconsin,United States,"Madison, WI",2005.0,2006.0,2,102,84,,"Madison, WI",2026-06-27 09:25:01.285384+00
379,Med in Swing,http://www.medinswing.rocks,,Toulon,,France,"Toulon, Var, France",2025.0,2026.0,2,250,185,,"Toulon, Var, France",2026-06-27 09:25:01.285384+00
375,Mediterranean Open WCS,https://mediterraneanopenwcs.com/,Registry Event,Barcelona,,Spain,"Barcelona, Spain",2025.0,2025.0,1,138,121,2026-07-09,"Barcelona, Spain",2026-06-27 09:25:01.285384+00
131,Meet Me In St Louis,http://www.mmisl.com/,Registry Event,St. Louis,Missouri,United States,"St. Louis, Mo, USA",2007.0,2025.0,17,1528,901,2026-09-24,"St. Louis, Mo, USA",2026-06-27 09:25:01.285384+00
434,Meet Me in St Louis Swing Dance Championships,,,,,,,,,0,0,0,,,2026-06-27 09:25:01.285384+00
435,Meet Me in St. Louis Swing Dance Championships,,,,,,,,,0,0,0,,,2026-06-27 09:25:01.285384+00
506,Michigan Classic,,,,,,,,,0,0,0,,,2026-06-27 09:25:01.285384+00
76,Michigan Dance Classic,http://michiganclassicswing.com/,Registry Event,Detroit,Michigan,United States,"Detroit, Michigan, USA",2002.0,2026.0,18,1467,939,2027-06-03,"Detroit, Michigan, USA",2026-06-27 09:25:01.285384+00
29,Michigan Swing Dance Champs,,,Michigan,Michigan,United States,"Michigan, MI",1992.0,2003.0,11,163,117,,"Michigan, MI",2026-06-27 09:25:01.285384+00
436,Mid Atlantic Dance Jam (MADjam),,,,,,,,,0,0,0,,,2026-06-27 09:25:01.285384+00
30,Mid USA Jack & Jill,,,Michigan,Michigan,United States,"Michigan, MI",2002.0,2003.0,2,38,32,,"Michigan, MI",2026-06-27 09:25:01.285384+00
78,Mid-American Dance Championships,,,Chicago,Illinois,United States,"Chicago, IL",2002.0,2004.0,3,163,117,,"Chicago, IL",2026-06-27 09:25:01.285384+00
92,Mid-Atlantic Dance Jam,http://www.atlanticdancejam.com/,Registry Event,Washington,District of Columbia,United States,"Washington, DC, VA, USA",2004.0,2026.0,21,3011,1751,2027-03-04,"Washington, DC, VA, USA",2026-06-27 09:25:01.285384+00
201,MidAtlantic Dance Classic,,,Herndon,Virginia,United States,"Herndon, VA",2013.0,2016.0,4,163,122,,"Herndon, VA",2026-06-27 09:25:01.285384+00
165,Midland Swing Open,http://www.midlandswingopen.com/,Registry Event,London,England,United Kingdom,"London, London, United Kingdom",2010.0,2025.0,15,1094,651,2026-09-24,"London, London, United Kingdom",2026-06-27 09:25:01.285384+00
288,Midnight Madness,http://www.midnightmadnesswcs.com/,Registry Event,Dallas,Texas,United States,"Dallas Ft. Worth, Texas, United States",2017.0,2025.0,8,712,448,2026-11-12,"Dallas Ft. Worth, Texas, United States",2026-06-27 09:25:01.285384+00
437,Midnight Madness Swing,,,,,,,,,0,0,0,,,2026-06-27 09:25:01.285384+00
438,Midnight Madness WCS,,,,,,,,,0,0,0,,,2026-06-27 09:25:01.285384+00
224,Midwest Westie Fest,http://www.midwestwestiefest.com/,Registry Event,Overland Park,Kansas,United States,"Overland Park, KS, United States",2014.0,2025.0,8,751,484,2026-07-16,"Overland Park, KS, United States",2026-06-27 09:25:01.285384+00
322,Milan Modern Swing,https://www.westcoastswingmilan.com/,Registry Event,Milan,,Italy,"Milan, Milan, Italy",2019.0,2025.0,5,589,427,2026-10-15,"Milan, Milan, Italy",2026-06-27 09:25:01.285384+00
439,Milan Swing Vibes,,,,,,,,,0,0,0,,,2026-06-27 09:25:01.285384+00
89,Monster Mash,,,Spokane,Washington,United States,"Spokane, WA",2003.0,2005.0,3,158,105,,"Spokane, WA",2026-06-27 09:25:01.285384+00
507,Monterey Swing Fest,,,,,,,,,0,0,0,,,2026-06-27 09:25:01.285384+00
440,Monterey Swingfest,,,,,,,,,0,0,0,,,2026-06-27 09:25:01.285384+00
62,Monterey SwingFest,http://www.montereyswing.com/,Registry Event,Monterey,California,United States,"Monterey, Ca, Usa",1994.0,2026.0,32,2691,1280,2027-01-15,"Monterey, Ca, Usa",2026-06-27 09:25:01.285384+00
441,Monterey Swingfest (Cancelled due to Covid-19),,,,,,,,,0,0,0,,,2026-06-27 09:25:01.285384+00
442,Montreal WCS Fest,,,,,,,,,0,0,0,,,2026-06-27 09:25:01.285384+00
178,Montreal Westie Fest,http://montrealwestiefest.com/,Registry Event,Montreal,Quebec,Canada,"Montreal, Quebec, Canada",2011.0,2025.0,11,823,531,2026-10-09,"Montreal, Quebec, Canada",2026-06-27 09:25:01.285384+00
361,Mooseland Swing,https://mooselandswing.com/,Registry Event,Östersund,,Sweden,"Östersund, Jämtland, Sweden",2025.0,2025.0,1,71,66,2026-09-24,"Östersund, Jämtland, Sweden",2026-06-27 09:25:01.285384+00
443,Moscow Westie Dance Fest,,,,,,,,,0,0,0,,,2026-06-27 09:25:01.285384+00
194,Moscow Westie Fest,https://westiefest.org/en/,,Moscow,,Russia,"Moscow,  Russia",2012.0,2025.0,13,965,494,,"Moscow,  Russia",2026-06-27 09:25:01.285384+00
444,Moscow Westie Fest Gala Edition,,,,,,,,,0,0,0,,,2026-06-27 09:25:01.285384+00
241,Moscow Xmas Dance Camp,,,Moscow,,Russia,"Moscow, Russia",2015.0,2017.0,3,129,106,,"Moscow, Russia",2026-06-27 09:25:01.285384+00
82,Motor City Jam,,,Michigan,Michigan,United States,"Michigan, MI",2003.0,2007.0,5,59,46,,"Michigan, MI",2026-06-27 09:25:01.285384+00
107,Motown Dance Championships,,,Detroit,Michigan,United States,"Detroit, MI",2005.0,2007.0,3,136,103,,"Detroit, MI",2026-06-27 09:25:01.285384+00
31,Mountain Magic,http://mountainmagic.dance/,Registry Event,South Lake Tahoe (near Reno),Nevada,United States,"South Lake Tahoe (near Reno), NV, USA",1999.0,2025.0,25,1517,677,2026-11-05,"South Lake Tahoe (near Reno), NV, USA",2026-06-27 09:25:01.285384+00
445,Mountain Magic Dance Convention,,,,,,,,,0,0,0,,,2026-06-27 09:25:01.285384+00
291,Municorn Swing,,,Munich,,Germany,"Munich, Germany",2018.0,2020.0,3,142,125,,"Munich, Germany",2026-06-27 09:25:01.285384+00
138,Music City Swing Dance Championships,,,Nashville,Tennessee,United States,"Nashville, TN",2007.0,2008.0,2,64,61,,"Nashville, TN",2026-06-27 09:25:01.285384+00
362,MY Swing,https://www.myswingopen.com/,Registry Event,Kuala Lumpur,,Malaysia,"Kuala Lumpur,  Malaysia",2025.0,2025.0,1,92,90,2026-07-09,"Kuala Lumpur,  Malaysia",2026-06-27 09:25:01.285384+00
364,Nanaimo Dance Fusion,http://www.nanaimodancefusion.ca,,Nanaimo,,Canada,"Nanaimo (Vancouver is the major in the province), British Columbia, Canada",2025.0,2026.0,2,120,86,,"Nanaimo (Vancouver is the major in the province), British Columbia, Canada",2026-06-27 09:25:01.285384+00
81,Nashville Swing & Shag Dance Classic,,,Nashville,Tennessee,United States,"Nashville, TN",2002.0,2006.0,5,382,274,,"Nashville, TN",2026-06-27 09:25:01.285384+00
32,National Jitterbug Championships,,,Long Beach,California,United States,"Long Beach, CA",2001.0,2007.0,5,166,116,,"Long Beach, CA",2026-06-27 09:25:01.285384+00
33,National New Year,,,Dallas,Texas,United States,"Dallas, TX",1994.0,1995.0,2,21,19,,"Dallas, TX",2026-06-27 09:25:01.285384+00
261,Neverland Swing,http://www.neverlandswing.com/,Registry Event,Amsterdam,,Nederland,"Amsterdam, Noord Holland, Nederland",2016.0,2025.0,8,535,369,2026-06-25,"Amsterdam, Noord Holland, Nederland",2026-06-27 09:25:01.285384+00
446,NeverlandSwing,,,,,,,,,0,0,0,,,2026-06-27 09:25:01.285384+00
157,New England Dance Festival,http://www.nedancefestival.com/,Registry Event,Boston,Massachusetts,United States,"Boston, Massachusetts, USA",2009.0,2025.0,15,698,423,2026-08-06,"Boston, Massachusetts, USA",2026-06-27 09:25:01.285384+00
34,New England Swing Dance Championships,,,Boston,Massachusetts,United States,"Boston, MA",1998.0,2001.0,2,120,93,,"Boston, MA",2026-06-27 09:25:01.285384+00
35,New England Swing Jam 1,,,Boston,Massachusetts,United States,"Boston, MA",1995.0,1996.0,2,54,34,,"Boston, MA",2026-06-27 09:25:01.285384+00
100,New Mexico Dance Fiesta,,,Albuquerque,New Mexico,United States,"Albuquerque, NM",2004.0,2014.0,8,160,131,,"Albuquerque, NM",2026-06-27 09:25:01.285384+00
447,New Orleans Dance Mardi Gras,,,,,,,,,0,0,0,,,2026-06-27 09:25:01.285384+00
37,New Year's Dance Camp,,,,,,,,,0,0,0,,,2026-06-27 09:25:01.285384+00
38,New Year's Dance Championships,,,Fresno,California,United States,"Fresno, CA",1999.0,2000.0,2,114,96,,"Fresno, CA",2026-06-27 09:25:01.285384+00
39,New Year's Dance Extravaganza,,,,,,,,,0,0,0,,,2026-06-27 09:25:01.285384+00
139,New Year's Dancin' Eve,,,Burlington,Massachusetts,United States,"Burlington, MA",2007.0,2011.0,4,307,231,,"Burlington, MA",2026-06-27 09:25:01.285384+00
214,New Year's Swing Fling,http://nysf.uk/,Registry Event,London,England,United Kingdom,"London, United Kingdom",2014.0,2020.0,7,627,455,2026-12-30,"London, United Kingdom",2026-06-27 09:25:01.285384+00
36,New Years Dance Camp,,,Bakersfield,California,United States,"Bakersfield, CA",1997.0,2000.0,4,178,137,,"Bakersfield, CA",2026-06-27 09:25:01.285384+00
101,New Years Swing & Salsa Ball,,,Palm Springs,California,United States,"Palm Springs, CA",2004.0,2004.0,1,10,10,,"Palm Springs, CA",2026-06-27 09:25:01.285384+00
378,New York Flow Festival,https://www.flowfest.nyc/,Registry Event,New York City,New York,United States,"New York City, NY, US",2026.0,2026.0,1,78,78,2027-02-26,"New York City, NY, US",2026-06-27 09:25:01.285384+00
508,New Zealand Open,,,,,,,,,0,0,0,,,2026-06-27 09:25:01.285384+00
179,New Zealand Open Swing Dance Championships,https://www.streetswing.co.nz/the-new-zealand-open,,Auckland,,New Zealand,"Auckland, Auckland, New Zealand",2011.0,2025.0,14,514,287,,"Auckland, Auckland, New Zealand",2026-06-27 09:25:01.285384+00
368,Next Level Swing,http://www.next-level.dance,,Gothenburg,,Sweden,"Gothenburg, Västra götlaland, Sweden",2025.0,2025.0,1,74,66,,"Gothenburg, Västra götlaland, Sweden",2026-06-27 09:25:01.285384+00
253,Nordic WCS Championships,http://www.nordicwcschamps.com,,Stockholm,,Sweden,"Stockholm,  Sweden",2015.0,2026.0,10,1066,703,,"Stockholm,  Sweden",2026-06-27 09:25:01.285384+00
40,North Atlantic Swing Dance Championships,,,Cape Cod,Massachusetts,United States,"Cape Cod, MA",1998.0,2004.0,7,404,287,,"Cape Cod, MA",2026-06-27 09:25:01.285384+00
376,Northeast Swing Classic,http://www.northeastswingclassic.com/,Registry Event,Providence,Rhode Island,United States,"Providence, RI, United States",2025.0,2025.0,1,110,93,2026-11-12,"Providence, RI, United States",2026-06-27 09:25:01.285384+00
41,Northwest Regional,,,Spokane,Washington,United States,"Spokane, WA",2000.0,2002.0,2,91,80,,"Spokane, WA",2026-06-27 09:25:01.285384+00
232,Norway Westie Fest,https://www.norwaywestiefest.com/,Trial Event,Trondheim,,Norway,"Trondheim, Norway",2014.0,2019.0,6,296,203,2027-03-05,"Trondheim, Norway",2026-06-27 09:25:01.285384+00
388,Norwegian Open WCS,https://norwegianopen.no/,Registry Event,Hamar,,Norway,"Hamar,  Norway",2025.0,2025.0,1,81,75,2026-10-01,"Hamar,  Norway",2026-06-27 09:25:01.285384+00
153,Novice Invitational,http://www.htownthrowdownwcs.com/,Registry Event,Houston,Texas,United States,"Houston, Texas, United States",2009.0,2026.0,16,1161,684,2027-03-11,"Houston, Texas, United States",2026-06-27 09:25:01.285384+00
188,NSW West Coast Swing Dance Championships,,,Sydney,,Australia,"Sydney, Australia",2012.0,2019.0,8,347,193,,"Sydney, Australia",2026-06-27 09:25:01.285384+00
303,Odyssey West Coast Swing,http://www.odysseywcs.dance,,Gold Coast,,Australia,"Gold Coast, Australia",2018.0,2024.0,4,172,104,,"Gold Coast, Australia",2026-06-27 09:25:01.285384+00
285,Old Town Swing,,,Tallinn,,Estonia,"Tallinn, Estonia",2017.0,2018.0,2,115,99,,"Tallinn, Estonia",2026-06-27 09:25:01.285384+00
117,Orange Blossom Dance Festival,http://www.orangeblossomdance.net,,Orlando,Florida,United States,"Orlando, Florida, Florida, United States",2006.0,2026.0,20,912,522,,"Orlando, Florida, Florida, United States",2026-06-27 09:25:01.285384+00
98,Pacific Rim Dance Classic,,,Seattle,Washington,United States,"Seattle, WA",2004.0,2004.0,1,28,28,,"Seattle, WA",2026-06-27 09:25:01.285384+00
509,Palm Springs New Year,,,,,,,,,0,0,0,,,2026-06-27 09:25:01.285384+00
195,Palm Springs New Years Swing Dance Classic,,,Palm Springs,California,United States,"Palm Springs, CA",2001.0,2020.0,19,1753,994,,"Palm Springs, CA",2026-06-27 09:25:01.285384+00
448,Palm Springs Summer Dance Camp Classic,,,,,,,,,0,0,0,,,2026-06-27 09:25:01.285384+00
51,Palm Springs Summer Dance Classic,,,Palm Springs,California,United States,"Palm Springs, CA",1998.0,2019.0,20,1735,982,,"Palm Springs, CA",2026-06-27 09:25:01.285384+00
510,Palm Springs Swing Dance Classic,,,,,,,,,0,0,0,,,2026-06-27 09:25:01.285384+00
449,Paradise Country & Swing Dance Festival,,,,,,,,,0,0,0,,,2026-06-27 09:25:01.285384+00
450,Paradise Country and Swing Dance Festival,,,,,,,,,0,0,0,,,2026-06-27 09:25:01.285384+00
451,Paradise Country Dance Festival,,,,,,,,,0,0,0,,,2026-06-27 09:25:01.285384+00
43,Paradise Dance Festival,https://paradisecountrydancefestival.com/,Registry Event,Irvine,California,United States,"Irvine, CA, USA",1995.0,2025.0,23,1208,639,2026-10-15,"Irvine, CA, USA",2026-06-27 09:25:01.285384+00
307,Paris Swing Classic,https://www.parisswingclassic.com/,,,,,,,,0,0,0,,,2026-06-27 09:25:01.285384+00
272,Paris Westie Fest,http://https//parisswingclassic.com,Registry Event,Paris,,France,"Paris, France/Paris, France",2017.0,2026.0,8,880,619,2027-02-25,"Paris, France/Paris, France",2026-06-27 09:25:01.285384+00
234,Philly Swing Classic,https://phillyswing.com/,Registry Event,Wilmington,Delaware,United States,"WILMINGTON, DEL, Delaware, United States",2014.0,2025.0,10,764,458,2026-09-25,"WILMINGTON, DEL, Delaware, United States",2026-06-27 09:25:01.285384+00
452,Philly Swing Dance Classic,,,,,,,,,0,0,0,,,2026-06-27 09:25:01.285384+00
511,Phoenix 4th of July,,,,,,,,,0,0,0,,,2026-06-27 09:25:01.285384+00
106,Phoenix Dance Festival,,,Phoenix,Arizona,United States,"Phoenix, AZ",2005.0,2006.0,2,55,43,,"Phoenix, AZ",2026-06-27 09:25:01.285384+00
44,Portland Dance Festival,,,Portland,Oregon,United States,"Portland, OR",1997.0,2019.0,16,752,421,,"Portland, OR",2026-06-27 09:25:01.285384+00
386,Prague Alchemy Swing,https://praguealchemyswing.cz/,Registry Event,Prague,,Czech Republic,"Prague, Czech Republic",2026.0,2026.0,1,118,105,2027-02-19,"Prague, Czech Republic",2026-06-27 09:25:01.285384+00
124,ProviDANCE Swing in the City,,,Providence,Rhode Island,United States,"Providence, RI",2006.0,2006.0,1,39,39,,"Providence, RI",2026-06-27 09:25:01.285384+00
91,Reno Dance Sensation,,,Reno,Nevada,United States,"Reno, NV",2004.0,2011.0,8,765,475,,"Reno, NV",2026-06-27 09:25:01.285384+00
359,Retaliation Swing,https://www.retaliationswing.com/,Registry Event,Seattle,Washington,United States,"Seattle, WA, USA",2025.0,2025.0,1,92,90,2026-09-17,"Seattle, WA, USA",2026-06-27 09:25:01.285384+00
385,Revitalise WCS,https://revitalisewcs.melbourne/,Registry Event,Melbourne,,Australia,"Melbourne, Victoria, Australia",2025.0,2025.0,1,52,51,2026-07-16,"Melbourne, Victoria, Australia",2026-06-27 09:25:01.285384+00
263,Riga Summer Swing,,,Riga,,Latvia,"Riga, Latvia",2016.0,2024.0,5,423,356,,"Riga, Latvia",2026-06-27 09:25:01.285384+00
45,Rising Star - Chicago,,,Chicago,Illinois,United States,"Chicago, IL",1997.0,2000.0,3,154,130,,"Chicago, IL",2026-06-27 09:25:01.285384+00
46,Rising Star - Dallas,,,Dallas,Texas,United States,"Dallas, TX",1996.0,1996.0,1,31,31,,"Dallas, TX",2026-06-27 09:25:01.285384+00
130,River City Dance Festival,,,Edmonton,Alberta,Canada,"Edmonton, Canada",2006.0,2010.0,5,48,35,,"Edmonton, Canada",2026-06-27 09:25:01.285384+00
177,River City Swing,http://www.jaxwestiefest.com/,Registry Event,Jacksonville,Florida,United States,"Jacksonville, FL, USA",2011.0,2025.0,12,1044,615,2026-09-04,"Jacksonville, FL, USA",2026-06-27 09:25:01.285384+00
256,Rock the Barn,https://rockthebarn.se/,Registry Event,Umeå,,Sweden,"Umeå, Nordmalings kommun, Sweden",2015.0,2025.0,9,525,348,2026-07-17,"Umeå, Nordmalings kommun, Sweden",2026-06-27 09:25:01.285384+00
512,Rocket City Swing,,,,,,,,,0,0,0,,,2026-06-27 09:25:01.285384+00
266,Rocky Mountain 5 Dance,,,Denver,Colorado,United States,"Denver, CO",2016.0,2018.0,2,88,70,,"Denver, CO",2026-06-27 09:25:01.285384+00
453,Rocky Mountain Five Dance (RM5),,,,,,,,,0,0,0,,,2026-06-27 09:25:01.285384+00
313,Rolling Swing,http://www.frenchywesty.com/,Registry Event,Lyon,,France,"LYON, Rhone, France",2019.0,2025.0,6,637,391,2026-08-27,"LYON, Rhone, France",2026-06-27 09:25:01.285384+00
244,Rose City Swing,https://rosecityswing.com/,Registry Event,Portland,Oregon,United States,"Portland, OR, United States",2015.0,2026.0,11,1337,804,2027-02-25,"Portland, OR, United States",2026-06-27 09:25:01.285384+00
513,Russian Open,,,,,,,,,0,0,0,,,2026-06-27 09:25:01.285384+00
454,Russian Open WCS Championship,,,,,,,,,0,0,0,,,2026-06-27 09:25:01.285384+00
170,Russian Open WCS Championships,,,Moscow,,Russia,"Moscow, Russia",2011.0,2021.0,10,559,302,,"Moscow, Russia",2026-06-27 09:25:01.285384+00
281,Sacramento All Swing,,,Sacramento,California,United States,"Sacramento, CA",2017.0,2017.0,1,79,77,,"Sacramento, CA",2026-06-27 09:25:01.285384+00
280,Saint Petersburg WCS Nights,http://wcsnights.ru/,Registry Event,St. Petersburg,,Russia,"St.Petersburg, Russia",2017.0,2025.0,8,610,340,2026-07-22,"St.Petersburg, Russia",2026-06-27 09:25:01.285384+00
217,San Diego Dance Festival,,,San Diego,California,United States,"San Diego, CA",2014.0,2024.0,7,353,218,,"San Diego, CA",2026-06-27 09:25:01.285384+00
199,San Francisco Dance Sensation,,,Oakland,California,United States,"Oakland, CA",2013.0,2013.0,1,88,88,,"Oakland, CA",2026-06-27 09:25:01.285384+00
377,Santa Swing,https://www.santaswing.pl/,Registry Event,Kraków,,Poland,"Kraków, malopolska, Polska",2025.0,2025.0,1,99,96,2026-12-10,"Kraków, malopolska, Polska",2026-06-27 09:25:01.285384+00
260,Sao Paulo Swing Dance Championships,,,Sao Paulo,,Brazil,"Sao Paulo, Brazil",2016.0,2016.0,1,39,39,,"Sao Paulo, Brazil",2026-06-27 09:25:01.285384+00
380,SASS Spooky Albany Swing Spectacular,http://www.spookyalbanyswing.com/,Registry Event,Albany,New York,United States,"Albany, NY",2025.0,2025.0,1,67,58,2026-10-22,"Albany, NY",2026-06-27 09:25:01.285384+00
360,SaunaSwing,https://ekarolas.com/saunaswing/,Registry Event,Ikaalinen,,Finland,"Ikaalinen, Pirkanmaa, Finland",2025.0,2025.0,1,94,76,2026-07-02,"Ikaalinen, Pirkanmaa, Finland",2026-06-27 09:25:01.285384+00
229,Scandinavian Open,http://www.snowcs.se/,Registry Event,Stockholm,,Sweden,"Stockholm, Sweden",2014.0,2025.0,10,993,704,2026-10-28,"Stockholm, Sweden",2026-06-27 09:25:01.285384+00
277,Scotland Swing Classic,http://www.scottishswingclassic.com/,,Glasgow,Scotland,United Kingdom,"Glasgow, United Kingdom",2017.0,2019.0,3,140,104,,"Glasgow, United Kingdom",2026-06-27 09:25:01.285384+00
168,Scottish WCS Dance Championships,,,Bathgate,,United Kingdom,"Bathgate, United Kingdom",2011.0,2014.0,4,141,117,,"Bathgate, United Kingdom",2026-06-27 09:25:01.285384+00
338,Sea Dance Fest,https://vk.com/seadancefest,Registry Event,Moscow,,Russia,"Moscow, Moscow region, Russia",2024.0,2025.0,2,117,96,2026-09-11,"Moscow, Moscow region, Russia",2026-06-27 09:25:01.285384+00
455,Sea Sun & Swing Camp,,,,,,,,,0,0,0,,,2026-06-27 09:25:01.285384+00
164,Sea Sun and Swing,http://www.seasunswing.fr/,Registry Event,La Grande Motte,,France,"La Grande Motte, Herault, France",2010.0,2024.0,10,772,516,2026-07-25,"La Grande Motte, Herault, France",2026-06-27 09:25:01.285384+00
79,Sea to Sky,http://seatoskywcs.com/,Registry Event,Seattle,Washington,United States,"Seattle, WA, USA",2002.0,2024.0,17,1367,791,2026-11-05,"Seattle, WA, USA",2026-06-27 09:25:01.285384+00
456,Sea To Sky - Seattle,,,,,,,,,0,0,0,,,2026-06-27 09:25:01.285384+00
457,Sea to Sky Seattle,,,,,,,,,0,0,0,,,2026-06-27 09:25:01.285384+00
458,Sea to Sky Seattle WCS,,,,,,,,,0,0,0,,,2026-06-27 09:25:01.285384+00
18,Seattle's Easter Swing,https://easterswing.org/,Registry Event,Seattle,Washington,United States,"Seattle, WA, United States",1994.0,2026.0,30,3016,1547,2027-03-25,"Seattle, WA, United States",2026-06-27 09:25:01.285384+00
298,Shakedown Swing,http://www.code03swing.com/shakedown,Registry Event,Christchurch,,New Zealand,"Christchurch, Canterbury, New Zealand",2018.0,2025.0,5,184,115,2026-08-20,"Christchurch, Canterbury, New Zealand",2026-06-27 09:25:01.285384+00
290,Shooba Dooba Swing,https://danceconvention.net/eventdirector/ru/eventpage/6023470-shooba-dooba-swing-2020/info,,Moscow,,Russia,"Moscow, Russia",2018.0,2025.0,9,578,296,,"Moscow, Russia",2026-06-27 09:25:01.285384+00
459,Show Me Showdown,,,,,,,,,0,0,0,,,2026-06-27 09:25:01.285384+00
460,Show-Me Showdown,,,,,,,,,0,0,0,,,2026-06-27 09:25:01.285384+00
325,Simply Adelaide West Coast Swing,http://www.simplyadelaidewcs.com.au/,Registry Event,,,Australia,"Adelaide, SA, Australia",,,0,0,0,2026-11-05,"Adelaide, SA, Australia",2026-06-27 09:25:01.285384+00
330,Simply Adelaide West Coast Swing,http://www.simplyadelaidewcs.com.au,,Adelaide,,Australia,"Adelaide, SA, Australia",2020.0,2025.0,6,294,172,,"Adelaide, SA, Australia",2026-06-27 09:25:01.285384+00
209,SinCity Swing,,,Las Vegas,Nevada,United States,"Las Vegas, NV",2013.0,2015.0,3,255,205,,"Las Vegas, NV",2026-06-27 09:25:01.285384+00
223,Slingshot Swing,,,Oslo,,Norway,"Oslo, Norway",2014.0,2016.0,2,94,86,,"Oslo, Norway",2026-06-27 09:25:01.285384+00
352,Slovenian Open,https://www.slovenianopen.dance,,Ljubljana,,Slovenia,"Ljubljana,  Slovenia",2025.0,2026.0,2,232,181,,"Ljubljana,  Slovenia",2026-06-27 09:25:01.285384+00
336,SOM - Swing of Music,https://www.swingofmusic.com/,,Wels,,Austria,"Wels,  Austria",2025.0,2026.0,2,179,143,,"Wels,  Austria",2026-06-27 09:25:01.285384+00
514,SOM-Swing of Music,,,,,,,,,0,0,0,,,2026-06-27 09:25:01.285384+00
205,SOswing,http://wwww.soswingdance.com/,Registry Event,Ashland,Oregon,United States,"Ashland, OR, United States",2013.0,2026.0,11,1014,621,2027-05-13,"Ashland, OR, United States",2026-06-27 09:25:01.285384+00
461,South Bay CW Dance Festival,,,,,,,,,0,0,0,,,2026-06-27 09:25:01.285384+00
48,South Bay Dance Fling,https://sbdf.dance/,Registry Event,San Jose,California,United States,"San Jose, California, USA",1997.0,2025.0,24,1454,692,2026-09-03,"San Jose, California, USA",2026-06-27 09:25:01.285384+00
394,Southern Lights Swing,http://www.southernlightsswing.com.au/,Registry Event,Hobart,,Australia,"Hobart, Tasmania, Australia",2026.0,2026.0,1,68,60,2027-02-25,"Hobart, Tasmania, Australia",2026-06-27 09:25:01.285384+00
340,Spooky Westie Weekend,https://spookywestieweekend.com/,Registry Event,Singapore,,Singapore,"Singapore, Singapore",2024.0,2025.0,2,97,81,2026-10-29,"Singapore, Singapore",2026-06-27 09:25:01.285384+00
515,Spotlight Dance Challenge,,,,,,,,,0,0,0,,,2026-06-27 09:25:01.285384+00
141,Spotlight New Year's Celebration,http://www.spotlightnewyears.com/,Registry Event,Nashville,Tennessee,United States,"Nashville, TN, USA",2007.0,2026.0,15,1491,974,2026-12-30,"Nashville, TN, USA",2026-06-27 09:25:01.285384+00
49,Spring Fling,,,San Diego,California,United States,"San Diego, CA",1991.0,1998.0,8,302,205,,"San Diego, CA",2026-06-27 09:25:01.285384+00
204,Spring Swing,,,Stockholm,,Sweden,"Stockholm, Sweden",2013.0,2014.0,2,99,84,,"Stockholm, Sweden",2026-06-27 09:25:01.285384+00
83,Spring Swing,,,Detroit,Michigan,United States,"Detroit, MI",2003.0,2003.0,1,34,34,,"Detroit, MI",2026-06-27 09:25:01.285384+00
354,Spring Time Swing,https://springtimeswing.com/,,Freiburg,,Germany,"Freiburg, Baden Württemberg, Germany",2025.0,2026.0,2,264,211,,"Freiburg, Baden Württemberg, Germany",2026-06-27 09:25:01.285384+00
50,St. Patrick's Day Swing,,,Woodland Hills,California,United States,"Woodland Hills, CA",2002.0,2003.0,2,161,136,,"Woodland Hills, CA",2026-06-27 09:25:01.285384+00
462,St. Petersburg WCS Nights,,,,,,,,,0,0,0,,,2026-06-27 09:25:01.285384+00
516,St.Petersburg WCS Nights,,,,,,,,,0,0,0,,,2026-06-27 09:25:01.285384+00
52,Summer Dance Festival,,,Palm Springs,California,United States,"Palm Springs, CA",1994.0,2003.0,10,482,338,,"Palm Springs, CA",2026-06-27 09:25:01.285384+00
53,Summer Hummer,http://summerhummerboston.com/,Registry Event,Boston,Massachusetts,United States,"Boston, MA, United States",1997.0,2025.0,25,2587,1477,2026-08-20,"Boston, MA, United States",2026-06-27 09:25:01.285384+00
228,Summer Swing Classic,,,St. Petersburg,Florida,United States,"St. Petersburg, FL",2014.0,2015.0,2,132,108,,"St. Petersburg, FL",2026-06-27 09:25:01.285384+00
54,Summer Swing Jam,,,Atlanta,Georgia,United States,"Atlanta, GA",2001.0,2002.0,2,54,43,,"Atlanta, GA",2026-06-27 09:25:01.285384+00
55,Sundance Labor Day Swing Dance Festival,,,Long Beach,California,United States,"Long Beach, CA",1998.0,1998.0,1,62,62,,"Long Beach, CA",2026-06-27 09:25:01.285384+00
230,Sunny Side Dance Camp,,,Torrevieja,,Spain,"Torrevieja, Spain",2014.0,2016.0,3,116,101,,"Torrevieja, Spain",2026-06-27 09:25:01.285384+00
191,Sunny Side Dance Camp,,,Crimea,,Ukraine,"Crimea, Ukraine",2012.0,2013.0,2,84,69,,"Crimea, Ukraine",2026-06-27 09:25:01.285384+00
151,Sunshine State Dance Challenge,,,Fort Lauderdale,Florida,United States,"Ft. Lauderdale, FL",2008.0,2011.0,4,87,73,,"Ft. Lauderdale, FL",2026-06-27 09:25:01.285384+00
240,Sweden Westie Gala,http://www.westiegala.com/,Registry Event,Stockholm,,Sweden,"Stockholm, Stockholm, Sweden",2015.0,2026.0,9,723,472,2026-12-31,"Stockholm, Stockholm, Sweden",2026-06-27 09:25:01.285384+00
264,Swedish Swing Summer Camp,http://www.uptownswing.se/,Registry Event,Stockholm,,Sweden,"Stockholm, Stockholm, Sweden",2016.0,2025.0,8,706,453,2026-08-14,"Stockholm, Stockholm, Sweden",2026-06-27 09:25:01.285384+00
185,Sweetheart Swing Classic,,,Tampa,Florida,United States,"Tampa, FL",2012.0,2018.0,7,481,300,,"Tampa, FL",2026-06-27 09:25:01.285384+00
215,Swing & Snow,http://swingandsnow.ru/,Registry Event,St. Petersburg,,Russia,"St. Petersburg,  Russia",2014.0,2026.0,13,1127,585,2027-02-04,"St. Petersburg,  Russia",2026-06-27 09:25:01.285384+00
56,Swing Break,,,Santa Clara,California,United States,"Santa Clara, CA",1999.0,2000.0,2,148,123,,"Santa Clara, CA",2026-06-27 09:25:01.285384+00
57,Swing Challenge,,,Kansas City,Missouri,United States,"Kansas City, MO",1996.0,1998.0,3,46,40,,"Kansas City, MO",2026-06-27 09:25:01.285384+00
125,Swing City Chicago,https://swingcitychicago.com/,Registry Event,Chicago,Illinois,United States,"Chicago, IL, United States",2006.0,2025.0,18,1787,1033,2026-10-22,"Chicago, IL, United States",2026-06-27 09:25:01.285384+00
343,Swing Crush,https://swingcrush.com/,Registry Event,San Antonio,Texas,United States,"San Antonio, TX",2025.0,2026.0,2,191,160,2027-02-18,"San Antonio, TX",2026-06-27 09:25:01.285384+00
134,Swing Dance America,,,Lake Geneva,Illinois,United States,"Lake Geneva, IL",2007.0,2024.0,16,1218,710,,"Lake Geneva, IL",2026-06-27 09:25:01.285384+00
463,Swing Dance America (SDA),,,,,,,,,0,0,0,,,2026-06-27 09:25:01.285384+00
391,Swing Dance Mania,http://swingdancemania.com,,Cincinnati,Ohio,United States,"Cincinnati, Ohio, USA",2025.0,2025.0,1,80,70,,"Cincinnati, Ohio, USA",2026-06-27 09:25:01.285384+00
246,Swing Escape,,,Hunter Valley,,Australia,"Hunter Valley, Australia",2015.0,2019.0,5,215,127,,"Hunter Valley, Australia",2026-06-27 09:25:01.285384+00
58,Swing Expo,,,Las Vegas,Nevada,United States,"Las Vegas, NV",1993.0,2003.0,11,400,211,,"Las Vegas, NV",2026-06-27 09:25:01.285384+00
321,Swing Fiction,https://www.swingfiction.cz/,Registry Event,,,Czech Republic,"Brno, Czech Republic",,,0,0,0,2026-06-26,"Brno, Czech Republic",2026-06-27 09:25:01.285384+00
331,Swing Fiction,https://swingfiction.cz/,,Brno,,Czech Republic,"Brno, Czech Republic",2023.0,2025.0,3,270,223,,"Brno, Czech Republic",2026-06-27 09:25:01.285384+00
59,Swing Fling,http://www.swingfling.com/,Registry Event,Washington,District of Columbia,United States,"Washington DC, USA",1994.0,2025.0,30,2624,1461,2026-08-06,"Washington DC, USA",2026-06-27 09:25:01.285384+00
192,Swing Generation,,,Lyon,,France,"Lyon, France",2012.0,2013.0,2,137,116,,"Lyon, France",2026-06-27 09:25:01.285384+00
393,Swing in Bloom,http://www.swinginbloom.ca/,Registry Event,Ottawa,Ontario,Canada,"Ottawa, Ontario, Canada",2026.0,2026.0,1,94,81,2027-04-22,"Ottawa, Ontario, Canada",2026-06-27 09:25:01.285384+00
304,Swing In Capital,https://www.westcoastswingroma.it/swing-in-capital/,,Rome,,Italy,"Rome, Rome, Italy",2019.0,2026.0,2,169,154,,"Rome, Rome, Italy",2026-06-27 09:25:01.285384+00
262,Swing It Like It's Hot,,,Tel Aviv,,Israel,"Tel Aviv, Israel",2016.0,2018.0,3,163,129,,"Tel Aviv, Israel",2026-06-27 09:25:01.285384+00
60,Swing Jam,,,Alhambra,California,United States,"Alhambra, CA",1993.0,1997.0,5,67,50,,"Alhambra, CA",2026-06-27 09:25:01.285384+00
95,Swing Niagara Dance Championships,,,Buffalo,New York,United States,"Buffalo, NY",2004.0,2012.0,9,556,380,,"Buffalo, NY",2026-06-27 09:25:01.285384+00
517,Swing of Music,,,,,,,,,0,0,0,,,2026-06-27 09:25:01.285384+00
464,Swing Open Kazan,,,,,,,,,0,0,0,,,2026-06-27 09:25:01.285384+00
518,Swing Over,,,,,,,,,0,0,0,,,2026-06-27 09:25:01.285384+00
465,Swing Over Orlando,,,,,,,,,0,0,0,,,2026-06-27 09:25:01.285384+00
301,Swing Resolution,http://www.swingresolution.com/,Registry Event,Edinburgh,Scotland,United Kingdom,"Edinburgh, United Kingdom, United Kingdom, United Kingdom",2019.0,2026.0,6,484,318,2027-01-21,"Edinburgh, United Kingdom, United Kingdom, United Kingdom",2026-06-27 09:25:01.285384+00
466,Swing Trilogy,,,,,,,,,0,0,0,,,2026-06-27 09:25:01.285384+00
467,Swing&Snow,,,,,,,,,0,0,0,,,2026-06-27 09:25:01.285384+00
162,Swingapalooza,http://www.swingapaloozaevent.com,,Baton Rouge,Louisiana,United States,"Baton Rouge, LA",2010.0,2026.0,15,1247,675,,"Baton Rouge, LA",2026-06-27 09:25:01.285384+00
196,SwingCouver,https://swingco.dance/,Registry Event,Portland,Oregon,United States,"Portland, OR, USA",2013.0,2026.0,12,1273,750,2027-01-07,"Portland, OR, USA",2026-06-27 09:25:01.285384+00
468,SwingCouver 2020 - The 10th Episode,,,,,,,,,0,0,0,,,2026-06-27 09:25:01.285384+00
61,SwingDiego,,,San Diego,California,United States,"San Diego, CA",2002.0,2019.0,18,1890,1040,,"San Diego, CA",2026-06-27 09:25:01.285384+00
469,SwingDiego (The Superbowl of Swing),,,,,,,,,0,0,0,,,2026-06-27 09:25:01.285384+00
370,SwingIN Festival,http://www.swinginfestival.de/,Registry Event,Bonn,,Germany,"Bonn, NRW, Germany",2025.0,2026.0,2,242,182,2027-04-22,"Bonn, NRW, Germany",2026-06-27 09:25:01.285384+00
189,Swingin in the Valley,,,Sydney,,Australia,"Sydney, Australia",2012.0,2012.0,1,20,20,,"Sydney, Australia",2026-06-27 09:25:01.285384+00
144,Swingin' Into Spring,http://www.sis.djkenm.com/,Registry Event,Hartford,Connecticut,United States,"Hartford, CT",2008.0,2026.0,16,964,560,2027-04-29,"Hartford, CT",2026-06-27 09:25:01.285384+00
519,Swingin' New England,,,,,,,,,0,0,0,,,2026-06-27 09:25:01.285384+00
63,Swingin' New England Dance Festival,,,Newton,Massachusetts,United States,"Newton, MA",1999.0,2018.0,20,1789,984,,"Newton, MA",2026-06-27 09:25:01.285384+00
64,Swinging In The Northland,,,St. Paul,Minnesota,United States,"St. Paul, MN",1997.0,1999.0,3,51,44,,"St. Paul, MN",2026-06-27 09:25:01.285384+00
259,Swingover,http://swingoverevent.com/,Registry Event,Orlando,Florida,United States,"Orlando, Florida, USA",2016.0,2026.0,9,917,574,2027-04-22,"Orlando, Florida, USA",2026-06-27 09:25:01.285384+00
174,Swingsation,https://rawconnection.com.au/swingsation/,Registry Event,Gold Coast,,Australia,"Gold Coast, Queensland, Australia",2011.0,2026.0,14,787,408,2027-05-13,"Gold Coast, Queensland, Australia",2026-06-27 09:25:01.285384+00
520,Swingsation 2026,,,,,,,,,0,0,0,,,2026-06-27 09:25:01.285384+00
346,Swingside Invitational,http://www.swingside-invitational.com/,Registry Event,Liège,,Belgium,"Liège, Liège, Belgique",2024.0,2025.0,2,211,173,2026-10-22,"Liège, Liège, Belgique",2026-06-27 09:25:01.285384+00
521,Swingtacular,,,,,,,,,0,0,0,,,2026-06-27 09:25:01.285384+00
227,Swingtacular: The Galactic Open,http://www.dancegeekproductions.art/,Registry Event,San Francisco,California,United States,"San Francisco, CA, USA",2014.0,2025.0,10,1202,781,2026-08-06,"San Francisco, CA, USA",2026-06-27 09:25:01.285384+00
213,Swingtimate,https://rawconnection.com.au/swingtimate/,,Gold Coast,,Australia,"Gold Coast, Australia",2013.0,2022.0,8,352,222,,"Gold Coast, Australia",2026-06-27 09:25:01.285384+00
522,SwingTime,,,,,,,,,0,0,0,,,2026-06-27 09:25:01.285384+00
470,SwingTime Denver,,,,,,,,,0,0,0,,,2026-06-27 09:25:01.285384+00
47,Swingtime in the Rockies,http://www.swingtimewcs.com/,Registry Event,Denver,Colorado,United States,"Denver, CO, United States",1992.0,2025.0,32,2647,1417,2026-09-10,"Denver, CO, United States",2026-06-27 09:25:01.285384+00
66,Swingtime in the Rockies,,,,,,,,,0,0,0,,,2026-06-27 09:25:01.285384+00
258,Swingtzerland,https://swingtzerland.com/,Registry Event,Zürich,,Switzerland,"Zürich, Zurich, Switzerland",2016.0,2026.0,8,556,375,2027-02-04,"Zürich, Zurich, Switzerland",2026-06-27 09:25:01.285384+00
333,Swingvasion,https://swingvasion.nz/,Registry Event,Wellington,,New Zealand,"Wellington,  New Zealand",2024.0,2026.0,3,124,90,2027-03-05,"Wellington,  New Zealand",2026-06-27 09:25:01.285384+00
289,SwingVester,https://www.swingvester.com/,Registry Event,Wels,,Austria,"Wels, Austria, Austria",2018.0,2026.0,7,816,564,2026-12-30,"Wels, Austria, Austria",2026-06-27 09:25:01.285384+00
523,SwingVester 2025,,,,,,,,,0,0,0,,,2026-06-27 09:25:01.285384+00
267,Swustlicious,http://www.swustlicious.com/,Registry Event,Philadelphia,Pennsylvania,United States,"Philadelphia, PA, United States",2016.0,2025.0,8,528,312,2026-10-16,"Philadelphia, PA, United States",2026-06-27 09:25:01.285384+00
137,Tampa Bay Classic,http://www.tbcwcs.com/,Registry Event,Tampa,Florida,United States,"Tampa Bay, FL, USA",2007.0,2025.0,15,1334,811,2026-11-05,"Tampa Bay, FL, USA",2026-06-27 09:25:01.285384+00
471,Texas Classic,,,,,,,,,0,0,0,,,2026-06-27 09:25:01.285384+00
524,The After Party,,,,,,,,,0,0,0,,,2026-06-27 09:25:01.285384+00
472,"The After Party - ""TAP""",,,,,,,,,0,0,0,,,2026-06-27 09:25:01.285384+00
473,The After Party - TAP,,,,,,,,,0,0,0,,,2026-06-27 09:25:01.285384+00
474,"The After Party ""TAP""",,,,,,,,,0,0,0,,,2026-06-27 09:25:01.285384+00
475,The After Party “TAP”,,,,,,,,,0,0,0,,,2026-06-27 09:25:01.285384+00
212,The After Party (TAP),http://www.tapwcs.com/,Registry Event,Orange County,California,United States,"Orange County, CA, USA",2013.0,2025.0,12,1356,895,2026-12-03,"Orange County, CA, USA",2026-06-27 09:25:01.285384+00
355,The Aloha Open,http://www.alohaopenwcs.com/,Registry Event,Wailea,Hawaii,United States,"Wailea, Hawaii/Maui, USA",2025.0,2025.0,1,45,40,2026-09-23,"Wailea, Hawaii/Maui, USA",2026-06-27 09:25:01.285384+00
525,The Australian Classic WCS Dance Championships,,,,,,,,,0,0,0,,,2026-06-27 09:25:01.285384+00
381,The Australian Classic West Coast Swing Dance Championships (Trial Event),http://www.dancewcsa.com.au,,Sydney,,Australia,"Sydney, NSW, Australia",2025.0,2025.0,1,50,35,,"Sydney, NSW, Australia",2026-06-27 09:25:01.285384+00
356,The Bend Connection,http://thebendconnection.com/,Registry Event,Bend,Oregon,United States,"Bend, OR",2025.0,2025.0,1,69,65,2026-08-20,"Bend, OR",2026-06-27 09:25:01.285384+00
476,The Boston Tea Party,,,,,,,,,0,0,0,,,2026-06-27 09:25:01.285384+00
216,The Brazilian Open,,,Fortaleza,,Brazil,"Fortaleza, Brazil",2014.0,2019.0,5,154,93,,"Fortaleza, Brazil",2026-06-27 09:25:01.285384+00
477,The Brazilian Open Championships,,,,,,,,,0,0,0,,,2026-06-27 09:25:01.285384+00
478,The Brazilian Open Championships (Cancelled due to Coronavirus),,,,,,,,,0,0,0,,,2026-06-27 09:25:01.285384+00
239,The Challenge,,,Dallas,Texas,United States,"Dallas, TX",2014.0,2015.0,2,215,189,,"Dallas, TX",2026-06-27 09:25:01.285384+00
142,The Chicago Classic,https://thechicagoclassic.com/,Registry Event,Chicago,Illinois,United States,"Chicago, IL, United States",2008.0,2026.0,14,1869,1137,2027-03-18,"Chicago, IL, United States",2026-06-27 09:25:01.285384+00
155,The City of Light,,,Paris,,France,"Paris, France",2009.0,2011.0,3,80,60,,"Paris, France",2026-06-27 09:25:01.285384+00
479,The German Open WCS Championships,,,,,,,,,0,0,0,,,2026-06-27 09:25:01.285384+00
480,The New Zealand Open,,,,,,,,,0,0,0,,,2026-06-27 09:25:01.285384+00
481,The New Zealand West Coast Swing Open,,,,,,,,,0,0,0,,,2026-06-27 09:25:01.285384+00
526,The Open World Swing Dance Championships,,,,,,,,,0,0,0,,,2026-06-27 09:25:01.285384+00
121,The Texas Classic,http://Www.thetexasclassic.com,,Austin,Texas,United States,"Austin, TX, United States",2006.0,2026.0,18,689,446,,"Austin, TX, United States",2026-06-27 09:25:01.285384+00
311,TLV SwingFest,http://www.tlv-swingfest.com/,,Tel Aviv,,Israel,"Tel Aviv, Israel",2019.0,2023.0,2,132,121,,"Tel Aviv, Israel",2026-06-27 09:25:01.285384+00
171,Toronto International Swing Dance,,,Toronto,Ontario,Canada,"Toronto, Canada",2011.0,2011.0,1,37,37,,"Toronto, Canada",2026-06-27 09:25:01.285384+00
527,Toronto Open,,,,,,,,,0,0,0,,,2026-06-27 09:25:01.285384+00
147,Toronto Open Swing & Hustle Championships,http://www.TOSHC.com,,Toronto,Ontario,Canada,"Toronto, Ontario, Canada",2008.0,2025.0,14,867,471,,"Toronto, Ontario, Canada",2026-06-27 09:25:01.285384+00
482,Toronto Open Swing and Hustle Championships,,,,,,,,,0,0,0,,,2026-06-27 09:25:01.285384+00
231,Trilogy Swing,https://trilogywcs.com/,Registry Event,Raleigh,North Carolina,United States,"Raleigh, NC, North Carolina, USA",2014.0,2025.0,9,1120,714,2026-09-10,"Raleigh, NC, North Carolina, USA",2026-06-27 09:25:01.285384+00
363,Trinity Swing,http://www.trinityswing.com/,Registry Event,Dundalk,,Ireland,"Dundalk, County Louth, Ireland",2025.0,2026.0,2,116,93,2027-02-05,"Dundalk, County Louth, Ireland",2026-06-27 09:25:01.285384+00
127,Tulsa Fall Fling,,,Tulsa,Oklahoma,United States,"Tulsa, OK",2006.0,2008.0,3,60,54,,"Tulsa, OK",2026-06-27 09:25:01.285384+00
132,Tulsa Spring Swing,http://www.tulsaspringswing.com/,Registry Event,Tulsa,Oklahoma,United States,"Tulsa, OK, Ok, United States",2007.0,2026.0,15,970,545,2027-03-25,"Tulsa, OK, Ok, United States",2026-06-27 09:25:01.285384+00
80,Twin City Swing Challenge,,,Minneapolis,Minnesota,United States,"Minneapolis, MN",2002.0,2007.0,6,273,152,,"Minneapolis, MN",2026-06-27 09:25:01.285384+00
198,U.K. & European WCS Championships,http://www.jiveaddiction.com/event,,,,,,,,0,0,0,,,2026-06-27 09:25:01.285384+00
75,UCWDC Country Dance World Championship,https://ucwdc.org/worlds-home/,,Dallas,Texas,United States,"Dallas, TX, USA",1995.0,2026.0,18,880,609,,"Dallas, TX, USA",2026-06-27 09:25:01.285384+00
483,UCWDC Country Dance World Championships,,,,,,,,,0,0,0,,,2026-06-27 09:25:01.285384+00
484,UK & European WCS Championships,,,,,,,,,0,0,0,,,2026-06-27 09:25:01.285384+00
154,UK WCS Championships,http://www.ukwcschamps.com/,Registry Event,London,England,United Kingdom,"London, West Drayton, United Kingdom",2009.0,2026.0,13,1172,782,2027-03-25,"London, West Drayton, United Kingdom",2026-06-27 09:25:01.285384+00
485,UK WCS Dance Championships,,,,,,,,,0,0,0,,,2026-06-27 09:25:01.285384+00
528,UK West Coast Swing Championships,,,,,,,,,0,0,0,,,2026-06-27 09:25:01.285384+00
299,Ukrainian Open,http://www.ua-open.com,,Kiev,,Ukraine,"Kiev, Ukraine",2018.0,2019.0,2,103,93,,"Kiev, Ukraine",2026-06-27 09:25:01.285384+00
265,Upstate Dance Challenge,upstatedancechallenge.com,,Albany,New York,United States,"Albany, NY",2016.0,2019.0,4,293,224,,"Albany, NY",2026-06-27 09:25:01.285384+00
529,UpTown Swing,,,,,,,,,0,0,0,,,2026-06-27 09:25:01.285384+00
112,US National Dance Championships,,,Washington,District of Columbia,United States,"Washington, DC",2005.0,2006.0,2,29,29,,"Washington, DC",2026-06-27 09:25:01.285384+00
68,US Open Swing Dance Championships,http://www.theopenswing.com/,Registry Event,Los Angeles,California,United States,"Los Angeles, CA, United States",1992.0,2025.0,26,1697,1006,2026-11-25,"Los Angeles, CA, United States",2026-06-27 09:25:01.285384+00
486,USA Grand National Dance Championships,,,,,,,,,0,0,0,,,2026-06-27 09:25:01.285384+00
22,USA Grand Nationals,http://www.usagrandnationals.com/,Registry Event,Atlanta,Georgia,United States,"Atlanta, GA, United States",1996.0,2026.0,28,1895,1189,2027-05-27,"Atlanta, GA, United States",2026-06-27 09:25:01.285384+00
487,USA Grand Nationals Dance Championship,,,,,,,,,0,0,0,,,2026-06-27 09:25:01.285384+00
488,USA Grand Nationals Dance Championships,,,,,,,,,0,0,0,,,2026-06-27 09:25:01.285384+00
161,USA Jack & Jill Championships,,,Nashville,Tennessee,United States,"Nashville, TN",2010.0,2011.0,2,67,59,,"Nashville, TN",2026-06-27 09:25:01.285384+00
310,Valentine Swing,http://www.valentineswing.dance,,Stockholm,,Sweden,"Stockholm, Stockholms län, Sweden",2019.0,2026.0,6,406,278,,"Stockholm, Stockholms län, Sweden",2026-06-27 09:25:01.285384+00
69,Valley DanceFest,,,Modesto,California,United States,"Modesto, CA",1999.0,1999.0,1,53,48,,"Modesto, CA",2026-06-27 09:25:01.285384+00
108,Vancouver Vibrations,,,Vancouver,British Columbia,Canada,"Vancouver, Canada",2005.0,2006.0,2,22,20,,"Vancouver, Canada",2026-06-27 09:25:01.285384+00
190,Vermont Swing Dance Championships,http://www.vermontwestcoastswing.net,,Burlington,Vermont,United States,"Burlington, VT",2012.0,2015.0,4,286,198,,"Burlington, VT",2026-06-27 09:25:01.285384+00
70,Virginia State Open,,,Herndon,Virginia,United States,"Herndon, VA",1993.0,2010.0,17,602,399,,"Herndon, VA",2026-06-27 09:25:01.285384+00
128,Waltz Across Texas,,,Houston,Texas,United States,"Houston, TX",2006.0,2006.0,1,18,18,,"Houston, TX",2026-06-27 09:25:01.285384+00
236,Warsaw Halloween Swing,http://www.warsawhalloweenswing.com/,Registry Event,Warsaw,,Poland,"Warsaw, Poland",2012.0,2025.0,13,1292,859,2026-10-29,"Warsaw, Poland",2026-06-27 09:25:01.285384+00
383,Warsaw Summer Nights Westival,https://www.summernightswestival.com/,Registry Event,Warsaw,,Poland,"Warsaw, mazowieckie, Poland",2025.0,2025.0,1,94,93,2026-07-30,"Warsaw, mazowieckie, Poland",2026-06-27 09:25:01.285384+00
193,Warsaw Swing,,,,,,,,,0,0,0,,,2026-06-27 09:25:01.285384+00
387,Waterloo Ontario Open West Coast Swing Championships,http://www.waterlooopenwcs.com/,Registry Event,Waterloo,,Canada,"Waterloo, Ontario, Canada",2026.0,2026.0,1,79,72,2027-02-04,"Waterloo, Ontario, Canada",2026-06-27 09:25:01.285384+00
286,WCS Festival,http://www.wcsfestival.com/,Registry Event,Duesseldorf,,Germany,"Duesseldorf, NRW, Germany",2017.0,2025.0,7,651,397,2026-10-15,"Duesseldorf, NRW, Germany",2026-06-27 09:25:01.285384+00
237,WCS Helsinki,,,Helsinki,,Finland,"Helsinki, Finland",2014.0,2017.0,4,142,119,,"Helsinki, Finland",2026-06-27 09:25:01.285384+00
357,WCS Party,https://www.wcsparty.com/,Registry Event,Vienna,,Austria,"Vienna, Vienna, Austria",2025.0,2025.0,1,118,105,2026-09-17,"Vienna, Vienna, Austria",2026-06-27 09:25:01.285384+00
208,WCS@IDB,,,Rockville,Maryland,United States,"Rockville, MD",2013.0,2013.0,1,44,44,,"Rockville, MD",2026-06-27 09:25:01.285384+00
129,West Coast Dance Challenge,,,Redmond,Washington,United States,"Redmond, WA",2006.0,2009.0,3,116,87,,"Redmond, WA",2026-06-27 09:25:01.285384+00
186,West in Lyon,http://www.west-in-lyon.fr/,Registry Event,Lyon,,France,"LYON, Rhône-Alpes, France",2012.0,2026.0,13,1510,782,2027-03-18,"LYON, Rhône-Alpes, France",2026-06-27 09:25:01.285384+00
71,Westcoast Swing Dance Championships,,,Sacramento,California,United States,"Sacramento, CA",1997.0,2000.0,4,233,175,,"Sacramento, CA",2026-06-27 09:25:01.285384+00
302,WesterOz Swing,http://magneticdance.com.au/westeroz,,Perth,,Australia,"Perth,  Australia",2019.0,2025.0,4,146,103,,"Perth,  Australia",2026-06-27 09:25:01.285384+00
530,Westie Gala,,,,,,,,,0,0,0,,,2026-06-27 09:25:01.285384+00
312,Westie Pink City,http://www.westiepinkcity.fr/,Registry Event,Toulouse,,France,"Toulouse, France",2018.0,2025.0,7,607,370,2026-11-06,"Toulouse, France",2026-06-27 09:25:01.285384+00
314,Westie Spring Thing,https://westiespringthing.com/,Registry Event,Budapest,,Hungary,"Budapest, Budapest, Hungary",2019.0,2026.0,6,646,402,2027-03-11,"Budapest, Budapest, Hungary",2026-06-27 09:25:01.285384+00
531,Westie Weekend,,,,,,,,,0,0,0,,,2026-06-27 09:25:01.285384+00
270,Westie's Angels,http://www.frenchywesty.com/,Registry Event,Lyon,,France,"LYON, rhones, France",2016.0,2025.0,9,859,492,2026-11-12,"LYON, rhones, France",2026-06-27 09:25:01.285384+00
323,Westies on the Water,http://rocketcityswing.com/,Registry Event,Huntsville,Alabama,United States,"Huntsville, Alabama, USA",2021.0,2025.0,5,297,204,2026-11-19,"Huntsville, Alabama, USA",2026-06-27 09:25:01.285384+00
293,Westy Nantes,https://www.westynantes.com/,Registry Event,Nantes,,France,"Nantes, Loire-Atlantique, France",2018.0,2026.0,7,762,457,2027-04-16,"Nantes, Loire-Atlantique, France",2026-06-27 09:25:01.285384+00
225,Wild Wild Westie,https://www.wildwildwestie.com/,Registry Event,Dallas,Texas,United States,"Dallas, TX, United States",2014.0,2025.0,11,1543,960,2026-07-02,"Dallas, TX, United States",2026-06-27 09:25:01.285384+00
72,Windy City,,,Chicago,Illinois,United States,"Chicago, IL",1994.0,1995.0,2,57,53,,"Chicago, IL",2026-06-27 09:25:01.285384+00
297,Winter Coast Swing,https://www.wintercoastswing.com/,Registry Event,Kuopio,,Finland,"Kuopio, Leppävirta, Finland",2019.0,2026.0,6,364,203,2027-02-25,"Kuopio, Leppävirta, Finland",2026-06-27 09:25:01.285384+00
238,Winter White,http://www.winterwhite.no/,Registry Event,Oslo,,Norway,"Oslo, Norway",2014.0,2025.0,10,738,534,2026-12-03,"Oslo, Norway",2026-06-27 09:25:01.285384+00
489,Winter White WCS,,,,,,,,,0,0,0,,,2026-06-27 09:25:01.285384+00
490,Winter White West Coast Swing,,,,,,,,,0,0,0,,,2026-06-27 09:25:01.285384+00
84,Wisconsin Dance Challenge/Midwest Area Swing Dance Challenge,,,Green Bay,Wisconsin,United States,"Green Bay, WI",2003.0,2012.0,9,502,308,,"Green Bay, WI",2026-06-27 09:25:01.285384+00
86,World Hustle Dance Championships,,,Secaucus,New Jersey,United States,"Secaucus, NJ",2003.0,2009.0,6,124,96,,"Secaucus, NJ",2026-06-27 09:25:01.285384+00
73,World Swing Dance Championships,,,San Bernardino,California,United States,"San Bernardino, CA",1993.0,2011.0,10,432,293,,"San Bernardino, CA",2026-06-27 09:25:01.285384+00
159,World Swing Masters,,,Blackpool,,United Kingdom,"Blackpool, United Kingdom",2009.0,2015.0,7,244,168,,"Blackpool, United Kingdom",2026-06-27 09:25:01.285384+00
152,Worlds UCWDC,http://www.ucwdcworlds.com/,Registry Event,Orlando,Florida,United States,"Orlando, FL",2009.0,2015.0,3,117,106,2026-12-28,"Orlando, FL",2026-06-27 09:25:01.285384+00
103,Xanadu - Midwinter Dance Celebration,,,Portland,Oregon,United States,"Portland, OR",2005.0,2005.0,1,36,36,,"Portland, OR",2026-06-27 09:25:01.285384+00
