schedule_event_key,source_fingerprint,canonical_event_id,event_name,canonical_name,original_date,start_date,end_date,results_year,results_month,location_raw,country,country_flag,url,status_event,registry_trial_status,confirmed,canceled,on_hiatus,match_status,match_method,match_confidence,upcoming_editions,updated_at
evt:374,fbd321abcaa6e158438fcb62,374.0,BaroqueSwing,Barock Swing Ludwigsburg,"Jun 25 - 28, 2026",2026-06-25,2026-06-28,2026,6,"Ludwigsburg, Baden-Württemberg, Deutschland",Germany,DEU,https://baroqueswing.com/,Registry Event,Registry Event,t,f,f,confirmed,explicit,1.0,1,2026-06-23 10:55:33.119765+00
evt:109,a196f56d82a8bb43a12d6aa4,109.0,Colorado Country Classic,Colorado Country Classic,"Jun 25 - 28, 2026",2026-06-25,2026-06-28,2026,6,"Denver, Colorado, Colorado, USA",United States,USA,https://coloradocountryclassic.net/,Registry Event,Registry Event,t,f,f,confirmed,exact_name,1.0,1,2026-06-23 10:55:33.119765+00
evt:96,57625adf022686024624614a,96.0,Liberty Swing Dance Championships,Liberty Swing Dance Championships,"Jun 25 - 28, 2026",2026-06-25,2026-06-28,2026,6,"New Brunswick, New Jersey, USA",United States,USA,http://www.libertyswing.com/,Registry Event,Registry Event,t,f,f,confirmed,exact_name,1.0,1,2026-06-23 10:55:33.119765+00
evt:261,c914cb5b7177e133ea1c58ee,261.0,NeverlandSwing Dutch Swing Championships 2026,Neverland Swing,"Jun 25 - 29, 2026",2026-06-25,2026-06-29,2026,6,"Amsterdam, Noord Holland, Nederland",Netherlands,NLD,http://www.neverlandswing.com/,Registry Event,Registry Event,t,f,f,confirmed,url,0.99,2,2026-06-23 10:55:33.119765+00
evt:321,785324c885170457da3e02fe,321.0,Swing Fiction,Swing Fiction,"Jun 26 - 28, 2026",2026-06-26,2026-06-28,2026,6,"Brno, Czech Republic",Czech Republic,CZE,https://www.swingfiction.cz/,Registry Event,Registry Event,t,f,f,confirmed,exact_name,1.0,1,2026-06-23 10:55:33.119765+00
evt:278,d88543a0e9502a0626f230e5,278.0,Americano Dance Camp,Americano Dance Camp,"Jul 2 - 6, 2026",2026-07-02,2026-07-06,2026,7,"Samara, Samara state, Russia",Russia,RUS,https://t.me/americamodancecamp%20https://vk.com/americano2025,Registry Event,Registry Event,t,f,f,confirmed,exact_name,1.0,1,2026-06-23 10:55:33.119765+00
evt:1,c846dca436f389925c16c4c4,1.0,Phoenix 4th of July,4TH of July Convention,"Jul 2 - 5, 2026",2026-07-02,2026-07-05,2026,7,"Phoenix, AZ, United States",United States,USA,http://phoenix4thofjuly.com/,Registry Event,Registry Event,t,f,f,confirmed,url,0.99,1,2026-06-23 10:55:33.119765+00
evt:360,45d7f29ddd54f45e15c87fc1,360.0,SaunaSwing,SaunaSwing,"Jul 2 - 4, 2026",2026-07-02,2026-07-04,2026,7,"Ikaalinen, Pirkanmaa, Finland",Finland,FIN,https://ekarolas.com/saunaswing/,Registry Event,Registry Event,t,f,f,confirmed,exact_name,1.0,1,2026-06-23 10:55:33.119765+00
evt:225,b0a65cf76243f7d555a790c0,225.0,Wild Wild Westie,Wild Wild Westie,"Jul 2 - 5, 2026",2026-07-02,2026-07-05,2026,7,"Dallas, TX, United States",United States,USA,https://www.wildwildwestie.com/,Registry Event,Registry Event,t,f,f,confirmed,exact_name,1.0,1,2026-06-23 10:55:33.119765+00
evt:369,5aba6e3970517e1f980d242f,369.0,French Connection WCS,FRENCH CONNECTION WCS,"Jul 3 - 6, 2026",2026-07-03,2026-07-06,2026,7,"Annecy, Haute Savoie, France",France,FRA,https://www.frenchconnectionwcs.com/,Registry Event,Registry Event,t,f,f,confirmed,url,1.0,1,2026-06-23 10:55:33.119765+00
evt:373,2a7a58170bba6585132a258f,373.0,Carolina Summer Swing,Carolina Summer Swing,"Jul 9 - 12, 2026",2026-07-09,2026-07-12,2026,7,"Greenville, South Carolina, SC, USA",United States,USA,https://carolinasummerswing.com/,Registry Event,Registry Event,t,f,f,confirmed,exact_name,1.0,1,2026-06-23 10:55:33.119765+00
evt:375,588595447baed395803cca84,375.0,Mediterranean Open WCS,Mediterranean Open WCS,"Jul 9 - 13, 2026",2026-07-09,2026-07-13,2026,7,"Barcelona, Spain",Spain,ESP,https://mediterraneanopenwcs.com/,Registry Event,Registry Event,t,f,f,confirmed,exact_name,1.0,1,2026-06-23 10:55:33.119765+00
evt:362,f22c53e23915f91eb798a46c,362.0,MY Swing 2026,MY Swing,"Jul 9 - 12, 2026",2026-07-09,2026-07-12,2026,7,"Kuala Lumpur,  Malaysia",Malaysia,MYS,https://www.myswingopen.com/,Registry Event,Registry Event,t,f,f,confirmed,url,0.99,1,2026-06-23 10:55:33.119765+00
url:swinglab-berlin.com,997c2f681132abeb3b63670b,,SwingLab Berlin,,"Jul 10 - 12, 2026",2026-07-10,2026-07-12,2026,7,"Berlin, Germany",Germany,DEU,http://www.swinglab-berlin.com/,Trial Event,Trial Event,t,f,f,new,none,0.0,1,2026-06-23 10:55:33.119765+00
evt:224,f986635199a9f3974e57d0d4,224.0,Midwest Westie Fest 2026,Midwest Westie Fest,"Jul 16 - 19, 2026",2026-07-16,2026-07-19,2026,7,"Overland Park, KS, United States",United States,USA,http://www.midwestwestiefest.com/,Registry Event,Registry Event,t,f,f,confirmed,url,0.883720930232558,1,2026-06-23 10:55:33.119765+00
evt:385,e01d030ea579cc314f8ba1b8,385.0,Revitalise WCS,Revitalise WCS,"Jul 16 - 19, 2026",2026-07-16,2026-07-19,2026,7,"Melbourne, Victoria, Australia",Australia,AUS,https://revitalisewcs.melbourne/,Registry Event,Registry Event,t,f,f,confirmed,exact_name,1.0,1,2026-06-23 10:55:33.119765+00
evt:256,8c2cc8f73c9484e4bb102f1b,256.0,Rock The Barn,Rock the Barn,"Jul 17 - 19, 2026",2026-07-17,2026-07-19,2026,7,"Umeå, Nordmalings kommun, Sweden",Sweden,SWE,https://rockthebarn.se/,Registry Event,Registry Event,t,f,f,confirmed,url,1.0,1,2026-06-23 10:55:33.119765+00
evt:280,9d3c7d59ffbb7cfa3df90a3a,280.0,St. Petersburg WCS Nights,Saint Petersburg WCS Nights,"Jul 22 - 26, 2026",2026-07-22,2026-07-26,2026,7,"St.Petersburg, Russia",Russia,RUS,http://wcsnights.ru/,Registry Event,Registry Event,t,f,f,confirmed,url,0.923076923076923,1,2026-06-23 10:55:33.119765+00
evt:149,6dd8023a76290e04cf4643f9,149.0,Florida Dance Magic,Florida Dance Magic,"Jul 23 - 26, 2026",2026-07-23,2026-07-26,2026,7,"Fort Lauderdale, Florida, USA",United States,USA,https://floridadancemagic.com/,Registry Event,Registry Event,t,f,f,confirmed,exact_name,1.0,1,2026-06-23 10:55:33.119765+00
url:infinite-swing.com,511b21f963803725c5cf227e,,Infinite Swing,,"Jul 23 - 26, 2026",2026-07-23,2026-07-26,2026,7,"Munich, Bavaria, Germany",Germany,DEU,http://infinite-swing.com/,Trial Event,Trial Event,t,f,f,new,none,0.0,1,2026-06-23 10:55:33.119765+00
evt:164,89aa9e3a7652da962625e204,164.0,Sea Sun and Swing,Sea Sun and Swing,"Jul 25 - Aug 1, 2026",2026-07-25,2026-08-01,2026,8,"La Grande Motte, Herault, France",France,FRA,http://www.seasunswing.fr/,Registry Event,Registry Event,t,f,f,confirmed,exact_name,1.0,1,2026-06-23 10:55:33.119765+00
evt:382,45971d139bb1fdbc112375d6,382.0,Lisbon Westie Fest,Lisbon Westie Fest,"Jul 30 - Aug 2, 2026",2026-07-30,2026-08-02,2026,8,"Lisbon,  Portugal",Portugal,PRT,https://lisbonwestiefest.com/,Registry Event,Registry Event,t,f,f,confirmed,exact_name,1.0,1,2026-06-23 10:55:33.119765+00
evt:383,5c7517cf7cbd14739f9f32d5,383.0,Warsaw Summer Nights Westival,Warsaw Summer Nights Westival,"Jul 30 - Aug 2, 2026",2026-07-30,2026-08-02,2026,8,"Warsaw, mazowieckie, Poland",Poland,POL,https://www.summernightswestival.com/,Registry Event,Registry Event,t,f,f,confirmed,exact_name,1.0,1,2026-06-23 10:55:33.119765+00
evt:282,c0d939ffeebc10d57a306022,282.0,German Open WCS,German Open,"Aug 5 - 9, 2026",2026-08-05,2026-08-09,2026,8,"Freiburg, Baden-Württemberg, Germany",Germany,DEU,http://www.go-wcs.com/,Registry Event,Registry Event,t,f,f,confirmed,url,0.99,1,2026-06-23 10:55:33.119765+00
evt:157,795afa0f32c630ebf4cefdfe,157.0,New England Dance Festival,New England Dance Festival,"Aug 6 - 9, 2026",2026-08-06,2026-08-09,2026,8,"Boston, Massachusetts, USA",United States,USA,http://www.nedancefestival.com/,Registry Event,Registry Event,t,f,f,confirmed,exact_name,1.0,1,2026-06-23 10:55:33.119765+00
evt:59,f614ad6dbb7c54cb4e6d992a,59.0,Swing Fling,Swing Fling,"Aug 6 - 9, 2026",2026-08-06,2026-08-09,2026,8,"Washington DC, USA",United States,USA,http://www.swingfling.com/,Registry Event,Registry Event,t,f,f,confirmed,exact_name,1.0,1,2026-06-23 10:55:33.119765+00
evt:227,1454d5792be65f4630422699,227.0,Swingtacular: The Galactic Open,Swingtacular: The Galactic Open,"Aug 6 - 9, 2026",2026-08-06,2026-08-09,2026,8,"San Francisco, CA, USA",United States,USA,http://www.dancegeekproductions.art/,Registry Event,Registry Event,t,f,f,confirmed,exact_name,1.0,1,2026-06-23 10:55:33.119765+00
evt:384,082f42a7e47044412f8f7362,384.0,Grand Party Sofia (GPS),Grand Party Sofia (GPS),"Aug 14 - 17, 2026",2026-08-14,2026-08-17,2026,8,"Sofia, Sofia, Bulgaria",Bulgaria,BGR,https://wcs-gps.com/,Registry Event,Registry Event,t,f,f,confirmed,exact_name,1.0,1,2026-06-23 10:55:33.119765+00
evt:264,5bc8004ec3ef52e3227c452b,264.0,UpTown Swing,Swedish Swing Summer Camp,"Aug 14 - 17, 2026",2026-08-14,2026-08-17,2026,8,"Stockholm, Stockholm, Sweden",Sweden,SWE,http://www.uptownswing.se/,Registry Event,Registry Event,t,f,f,confirmed,explicit,1.0,1,2026-06-23 10:55:33.119765+00
evt:298,646321624c37f590d56e85aa,298.0,Shakedown Swing,Shakedown Swing,"Aug 20 - 23, 2026",2026-08-20,2026-08-23,2026,8,"Christchurch, Canterbury, New Zealand",New Zealand,NZL,http://www.code03swing.com/shakedown,Registry Event,Registry Event,t,f,f,confirmed,exact_name,1.0,1,2026-06-23 10:55:33.119765+00
evt:53,72481c1fcb3d03e9e2a2b6e5,53.0,Summer Hummer,Summer Hummer,"Aug 20 - 23, 2026",2026-08-20,2026-08-23,2026,8,"Boston, MA, United States",United States,USA,http://summerhummerboston.com/,Registry Event,Registry Event,t,f,f,confirmed,exact_name,1.0,1,2026-06-23 10:55:33.119765+00
url:hamburgswing.dance,3957a219c71bf0e9eeea75bc,,Swing Creation Hamburg,,"Aug 20 - 23, 2026",2026-08-20,2026-08-23,2026,8,"Hamburg, Germany",Germany,DEU,http://hamburgswing.dance/,Trial Event,Trial Event,t,f,f,new,none,0.0,1,2026-06-23 10:55:33.119765+00
evt:356,f3bb0061917b5b97537a937a,356.0,The Bend Connection,The Bend Connection,"Aug 20 - 23, 2026",2026-08-20,2026-08-23,2026,8,"Bend, OR",United States,USA,http://thebendconnection.com/,Registry Event,Registry Event,t,f,f,confirmed,exact_name,1.0,1,2026-06-23 10:55:33.119765+00
evt:119,60ba1b6056cb977623ec8064,119.0,Chicagoland Country and Swing Dance Festival,Chicagoland Country and Swing Dance Festival,"Aug 21 - 23, 2026",2026-08-21,2026-08-23,2026,8,"Chicago, Illinois, USA",United States,USA,http://www.chicagolanddancefestival.com/,Registry Event,Registry Event,t,f,f,confirmed,exact_name,1.0,1,2026-06-23 10:55:33.119765+00
url:mannekenswing.com,d6da1946dde9d4d6a0dd88d5,,Manneken Swing,,"Aug 21 - 23, 2026",2026-08-21,2026-08-23,2026,8,"Bruxelles, Bruxelles, Belgium",Belgium,BEL,https://www.mannekenswing.com/,Trial Event,Trial Event,t,f,f,new,none,0.0,1,2026-06-23 10:55:33.119765+00
url:westiejoy.com,dd68305c3ac38eadb87a5a5a,,Westie Joy,,"Aug 21 - 23, 2026",2026-08-21,2026-08-23,2026,8,"Bucharest, Romania",Romania,ROU,https://www.westiejoy.com/,Trial Event,Trial Event,t,f,f,new,none,0.0,1,2026-06-23 10:55:33.119765+00
evt:135,3c0023dca48b84525b39af78,135.0,Desert City Swing,Desert City Swing,"Aug 27 - 30, 2026",2026-08-27,2026-08-30,2026,8,"Phoenix, AZ, USA",United States,USA,http://www.desertcityswing.com/,Registry Event,Registry Event,t,f,f,confirmed,exact_name,1.0,1,2026-06-23 10:55:33.119765+00
evt:313,0c9f27d896a78942522a77dc,313.0,Rolling Swing,Rolling Swing,"Aug 27 - 31, 2026",2026-08-27,2026-08-31,2026,8,"LYON, Rhone, France",France,FRA,http://www.frenchywesty.com/,Registry Event,Registry Event,t,f,f,confirmed,exact_name,1.0,1,2026-06-23 10:55:33.119765+00
evt:339,6e75503f5c7e438cf016399c,339.0,Bristol Swing Fiesta,Bristol Swing Fiesta,"Aug 28 - 30, 2026",2026-08-28,2026-08-30,2026,8,"Bristol, Bristol, City of, United Kingdom",United Kingdom,GBR,https://www.bristolcityswing.com/bsf,Registry Event,Registry Event,t,f,f,confirmed,exact_name,1.0,1,2026-06-23 10:55:33.119765+00
evt:268,fcb94a4342efedf86c0f9a4c,268.0,Korea Westival,Korea Westival,"Sep 3 - 6, 2026",2026-09-03,2026-09-06,2026,9,"Jeju, Jeju, South Korea",Republic of Korea,KOR,http://koreawestival.com/,Registry Event,Registry Event,t,f,f,confirmed,exact_name,1.0,1,2026-06-23 10:55:33.119765+00
evt:48,817d46b7445e6cc97c4c9dc5,48.0,South Bay Dance Fling,South Bay Dance Fling,"Sep 3 - 7, 2026",2026-09-03,2026-09-07,2026,9,"San Jose, California, USA",United States,USA,https://sbdf.dance/,Registry Event,Registry Event,t,f,f,confirmed,exact_name,1.0,1,2026-06-23 10:55:33.119765+00
evt:177,83d85055ab0a9ddcf83a4e0a,177.0,Jax Westie Fest,River City Swing,"Sep 4 - 7, 2026",2026-09-04,2026-09-07,2026,9,"Jacksonville, FL, USA",United States,USA,http://www.jaxwestiefest.com/,Registry Event,Registry Event,t,f,f,confirmed,explicit,1.0,1,2026-06-23 10:55:33.119765+00
evt:233,59e55b8dbf3b1581e88fd4b7,233.0,Bavarian Open West Coast Swing Championships,Bavarian Open,"Sep 10 - 14, 2026",2026-09-10,2026-09-14,2026,9,"Munich, Bavaria, Germany",Germany,DEU,https://bavarianopen.com/,Registry Event,Registry Event,t,f,f,confirmed,explicit,1.0,1,2026-06-23 10:55:33.119765+00
evt:47,2af17daff7234bfc1226e5f5,47.0,SwingTime Denver,Swingtime in the Rockies,"Sep 10 - 13, 2026",2026-09-10,2026-09-13,2026,9,"Denver, CO, United States",United States,USA,http://www.swingtimewcs.com/,Registry Event,Registry Event,t,f,f,confirmed,url,0.99,1,2026-06-23 10:55:33.119765+00
evt:231,ab0c1d2ca2096352d46ad7c5,231.0,Trilogy Swing,Trilogy Swing,"Sep 10 - 13, 2026",2026-09-10,2026-09-13,2026,9,"Raleigh, NC, North Carolina, USA",United States,USA,https://trilogywcs.com/,Registry Event,Registry Event,t,f,f,confirmed,exact_name,1.0,1,2026-06-23 10:55:33.119765+00
evt:338,e7937302604f06572512a5aa,338.0,Sea Dance Fest,Sea Dance Fest,"Sep 11 - 13, 2026",2026-09-11,2026-09-13,2026,9,"Moscow, Moscow region, Russia",Russia,RUS,https://vk.com/seadancefest,Registry Event,Registry Event,t,f,f,confirmed,exact_name,1.0,1,2026-06-23 10:55:33.119765+00
evt:359,808314a1766a25ce99e6a96a,359.0,Retaliation Swing,Retaliation Swing,"Sep 17 - 20, 2026",2026-09-17,2026-09-20,2026,9,"Seattle, WA, USA",United States,USA,https://www.retaliationswing.com/,Registry Event,Registry Event,t,f,f,confirmed,exact_name,1.0,1,2026-06-23 10:55:33.119765+00
evt:357,425189a64da40adad2681b07,357.0,WCS Party in Vienna,WCS Party,"Sep 17 - 21, 2026",2026-09-17,2026-09-21,2026,9,"Vienna, Vienna, Austria",Austria,AUT,https://www.wcsparty.com/,Registry Event,Registry Event,t,f,f,confirmed,url,0.99,1,2026-06-23 10:55:33.119765+00
evt:300,2c4985b806ac7747771376a4,300.0,Austin Rocks,Austin Rocks,"Sep 18 - 20, 2026",2026-09-18,2026-09-20,2026,9,"Austin, Texas, TX, USA",United States,USA,https://atxrox.com/,Registry Event,Registry Event,t,f,f,confirmed,exact_name,1.0,1,2026-06-23 10:55:33.119765+00
evt:254,b867f95f3c7c6ab3172a3831,254.0,Finnfest,Finnfest,"Sep 18 - 21, 2026",2026-09-18,2026-09-21,2026,9,"Helsinki, Uusimaa, Finalnd",Finland,FIN,http://www.finnfest.fi/,Registry Event,Registry Event,t,f,f,confirmed,exact_name,1.0,1,2026-06-23 10:55:33.119765+00
evt:342,65a31d4fdddb0948b8aa5db3,342.0,Global Grand Prix -- West Coast Swing Championships,Global Grand Prix - West Coast Swing Reunion,"Sep 18 - 21, 2026",2026-09-18,2026-09-21,2026,9,"Toulouse-Blagnac, Occitanie, France",France,FRA,https://www.globalgrandprixwcs.com/,Trial Event,Trial Event,t,f,f,confirmed,url,0.99,1,2026-06-23 10:55:33.119765+00
evt:355,0a8fc0e18bc2cd5e937a906d,355.0,The Aloha Open,The Aloha Open,"Sep 23 - 27, 2026",2026-09-23,2026-09-27,2026,9,"Wailea, Hawaii/Maui, USA",United States,USA,http://www.alohaopenwcs.com/,Registry Event,Registry Event,t,f,f,confirmed,exact_name,1.0,1,2026-06-23 10:55:33.119765+00
evt:167,78295b5aab544e501c464780,167.0,Best of the Best WCS,Best of the Best WCS,"Sep 24 - 27, 2026",2026-09-24,2026-09-27,2026,9,"Sydney, NSW, Australia",Australia,AUS,https://www.bestofthebestwcs.com/,Registry Event,Registry Event,t,f,f,confirmed,exact_name,1.0,1,2026-06-23 10:55:33.119765+00
evt:324,add005889e519f9bc6ddf94a,324.0,Calgary Town Open,BTO Open,"Sep 24 - 27, 2026",2026-09-24,2026-09-27,2026,9,"Calgary, Alberta, Canada",Canada,CAN,https://ctodance.ca/,Registry Event,Registry Event,t,f,f,confirmed,explicit,1.0,1,2026-06-23 10:55:33.119765+00
evt:131,147cad01c9a6aee60b134f2c,131.0,Meet Me In St Louis,Meet Me In St Louis,"Sep 24 - 28, 2026",2026-09-24,2026-09-28,2026,9,"St. Louis, Mo, USA",United States,USA,http://www.mmisl.com/,Registry Event,Registry Event,t,f,f,confirmed,exact_name,1.0,1,2026-06-23 10:55:33.119765+00
evt:165,6e214887a8af8ea8b0d2534e,165.0,Midland Swing Open,Midland Swing Open,"Sep 24 - 28, 2026",2026-09-24,2026-09-28,2026,9,"London, London, United Kingdom",United Kingdom,GBR,http://www.midlandswingopen.com/,Registry Event,Registry Event,t,f,f,confirmed,exact_name,1.0,1,2026-06-23 10:55:33.119765+00
evt:361,33c49f10e0fa752d3de8b00b,361.0,Mooseland Swing 2026,Mooseland Swing,"Sep 24 - 28, 2026",2026-09-24,2026-09-28,2026,9,"Östersund, Jämtland, Sweden",Sweden,SWE,https://mooselandswing.com/,Registry Event,Registry Event,t,f,f,confirmed,url,0.857142857142857,1,2026-06-23 10:55:33.119765+00
evt:234,fbea6c0445da8892648509a9,234.0,Philly Swing Classic,Philly Swing Classic,"Sep 25 - 27, 2026",2026-09-25,2026-09-27,2026,9,"WILMINGTON, DEL, Delaware, United States",United States,USA,https://phillyswing.com/,Registry Event,Registry Event,t,f,f,confirmed,exact_name,1.0,1,2026-06-23 10:55:33.119765+00
evt:211,59e7e956ef53f4dc4eeca27a,211.0,Atlanta Swing Classic,Atlanta Swing Classic,"Oct 1 - 4, 2026",2026-10-01,2026-10-04,2026,10,"Atlanta, GA, USA",United States,USA,https://www.atlantaswingclassic.com/,Registry Event,Registry Event,t,f,f,confirmed,exact_name,1.0,3,2026-06-23 10:55:33.119765+00
evt:388,cfb58853d68c552a8f01e344,388.0,Norwegian Open WCS,Norwegian Open WCS,"Oct 1 - 4, 2026",2026-10-01,2026-10-04,2026,10,"Hamar,  Norway",Norway,NOR,https://norwegianopen.no/,Registry Event,Registry Event,t,f,f,confirmed,exact_name,1.0,1,2026-06-23 10:55:33.119765+00
url:riverswingnights.com,da88db1ce065fee87033e912,,RiverSwingNights,,"Oct 1 - 5, 2026",2026-10-01,2026-10-05,2026,10,"Dresden, Germany",Germany,DEU,http://www.riverswingnights.com/,Trial Event,Trial Event,t,f,f,new,none,0.0,1,2026-06-23 10:55:33.119765+00
url:westieharbor.com,8d1dae25426572b4b2669238,,Westie Harbor,,"Oct 1 - 5, 2026",2026-10-01,2026-10-05,2026,10,"Gothenburg, Sweden",Sweden,SWE,http://www.westieharbor.com/,Trial Event,Trial Event,t,f,f,new,none,0.0,1,2026-06-23 10:55:33.119765+00
url:autumnbeat.lv,732cfbaf65ca9c78c71e796b,,Autumn Beat,,"Oct 2 - 5, 2026",2026-10-02,2026-10-05,2026,10,"Riga, Latvia",Latvia,LVA,https://autumnbeat.lv/,Trial Event,Trial Event,t,f,f,new,none,0.0,1,2026-06-23 10:55:33.119765+00
evt:8,fba93e3875ae13599366b4aa,8.0,Boogie By The Bay,Boogie By The Bay,"Oct 8 - 12, 2026",2026-10-08,2026-10-12,2026,10,"San Francisco, CA, USA",United States,USA,https://boogiebythebay.com/,Registry Event,Registry Event,t,f,f,confirmed,exact_name,1.0,1,2026-06-23 10:55:33.119765+00
evt:178,f50a6312b7f4823c07af0617,178.0,Montreal Westie Fest,Montreal Westie Fest,"Oct 9 - 11, 2026",2026-10-09,2026-10-11,2026,10,"Montreal, Quebec, Canada",Canada,CAN,http://montrealwestiefest.com/,Registry Event,Registry Event,t,f,f,confirmed,exact_name,1.0,1,2026-06-23 10:55:33.119765+00
evt:322,c14fabb534dd47417aa878eb,322.0,Milan Modern Swing,Milan Modern Swing,"Oct 15 - 18, 2026",2026-10-15,2026-10-18,2026,10,"Milan, Milan, Italy",Italy,ITA,https://www.westcoastswingmilan.com/,Registry Event,Registry Event,t,f,f,confirmed,exact_name,1.0,1,2026-06-23 10:55:33.119765+00
evt:43,109862c6a04aadfe8cebcdba,43.0,Paradise dance Festival,Paradise Dance Festival,"Oct 15 - 18, 2026",2026-10-15,2026-10-18,2026,10,"Irvine, CA, USA",United States,USA,https://paradisecountrydancefestival.com/,Registry Event,Registry Event,t,f,f,confirmed,url,1.0,1,2026-06-23 10:55:33.119765+00
evt:398,115e48131a7d9cc962d95d0d,398.0,The New Zealand West Coast Swing Open,The New Zealand West Coast Swing Open,"Oct 15 - 18, 2026",2026-10-15,2026-10-18,2026,10,"Auckland, New Zealand",New Zealand,NZL,https://www.streetswing.co.nz/the-new-zealand-open,Registry Event,Registry Event,t,f,f,confirmed,exact_name,1.0,1,2026-06-23 10:55:33.119765+00
evt:286,3cc38a85b16b4016c389a952,286.0,WCS Festival,WCS Festival,"Oct 15 - 17, 2026",2026-10-15,2026-10-17,2026,10,"Duesseldorf, NRW, Germany",Germany,DEU,http://www.wcsfestival.com/,Registry Event,Registry Event,t,f,f,confirmed,exact_name,1.0,2,2026-06-23 10:55:33.119765+00
evt:267,5fd0811df39b6befac05a033,267.0,Swustlicious,Swustlicious,"Oct 16 - 18, 2026",2026-10-16,2026-10-18,2026,10,"Philadelphia, PA, United States",United States,USA,http://www.swustlicious.com/,Registry Event,Registry Event,t,f,f,confirmed,exact_name,1.0,1,2026-06-23 10:55:33.119765+00
evt:350,b677c51d58a48bb0dafb12c6,350.0,Augsburg Westie Station,Augsburg Westie Station,"Oct 22 - 25, 2026",2026-10-22,2026-10-25,2026,10,"Augsburg, Bavaria, Germany",Germany,DEU,https://www.augsburgwestiestation.com/,Registry Event,Registry Event,t,f,f,confirmed,exact_name,1.0,1,2026-06-23 10:55:33.119765+00
evt:65,0dae37e4b2e9e5c60a3ffd87,65.0,Halloween SwingThing,Halloween SwingThing,"Oct 22 - 25, 2026",2026-10-22,2026-10-25,2026,10,"Costa Mesa, Ca, USA",United States,USA,http://hstswing.com/,Registry Event,Registry Event,t,f,f,confirmed,exact_name,1.0,1,2026-06-23 10:55:33.119765+00
evt:380,c19a0c0b39051a0a674cd4df,380.0,SASS- Spooky Albany Swing Spectacular,SASS Spooky Albany Swing Spectacular,"Oct 22 - 25, 2026",2026-10-22,2026-10-25,2026,10,"Albany, NY",United States,USA,http://www.spookyalbanyswing.com/,Registry Event,Registry Event,t,f,f,confirmed,url,0.986301369863014,1,2026-06-23 10:55:33.119765+00
evt:125,4e3a3aefb59eb188b5826016,125.0,Swing City Chicago,Swing City Chicago,"Oct 22 - 25, 2026",2026-10-22,2026-10-25,2026,10,"Chicago, IL, United States",United States,USA,https://swingcitychicago.com/,Registry Event,Registry Event,t,f,f,confirmed,exact_name,1.0,1,2026-06-23 10:55:33.119765+00
evt:346,0a34dbf37538b2155c2a5fc2,346.0,Swingside Invitational,Swingside Invitational,"Oct 22 - 24, 2026",2026-10-22,2026-10-24,2026,10,"Liège, Liège, Belgique",Belgium,BEL,http://www.swingside-invitational.com/,Registry Event,Registry Event,t,f,f,confirmed,exact_name,1.0,2,2026-06-23 10:55:33.119765+00
evt:229,b3f14e09dd2097b15eeb2515,229.0,"Scandinavian Open WCS ""SNOW""",Scandinavian Open,"Oct 28 - Nov 2, 2026",2026-10-28,2026-11-02,2026,11,"Stockholm, Sweden",Sweden,SWE,http://www.snowcs.se/,Registry Event,Registry Event,t,f,f,confirmed,explicit,1.0,1,2026-06-23 10:55:33.119765+00
evt:340,2d52dfcc0e676c47d89ab1d3,340.0,Spooky Westie Weekend,Spooky Westie Weekend,"Oct 29 - Nov 1, 2026",2026-10-29,2026-11-01,2026,11,"Singapore, Singapore",Singapore,SGP,https://spookywestieweekend.com/,Registry Event,Registry Event,t,f,f,confirmed,exact_name,1.0,1,2026-06-23 10:55:33.119765+00
evt:236,359c690048b2bb2978c21856,236.0,Warsaw Halloween Swing,Warsaw Halloween Swing,"Oct 29 - Nov 2, 2026",2026-10-29,2026-11-02,2026,11,"Warsaw, Poland",Poland,POL,http://www.warsawhalloweenswing.com/,Registry Event,Registry Event,t,f,f,confirmed,exact_name,1.0,1,2026-06-23 10:55:33.119765+00
evt:31,5df815d9ce1315224c001f44,31.0,Mouintain Magic Dance Convention,Mountain Magic,"Nov 5 - 8, 2026",2026-11-05,2026-11-08,2026,11,"South Lake Tahoe (near Reno), NV, USA",United States,USA,http://mountainmagic.dance/,Registry Event,Registry Event,t,f,f,confirmed,url,0.99,1,2026-06-23 10:55:33.119765+00
evt:79,267c5c38307061d765d6841c,79.0,Sea to Sky Seattle,Sea to Sky,"Nov 5 - 9, 2026",2026-11-05,2026-11-09,2026,11,"Seattle, WA, USA",United States,USA,http://seatoskywcs.com/,Registry Event,Registry Event,t,f,f,confirmed,url,0.99,1,2026-06-23 10:55:33.119765+00
evt:325,64b9c744f6990fa57a068af9,325.0,Simply Adelaide West Coast Swing,Simply Adelaide West Coast Swing,"Nov 5 - 8, 2026",2026-11-05,2026-11-08,2026,11,"Adelaide, SA, Australia",Australia,AUS,http://www.simplyadelaidewcs.com.au/,Registry Event,Registry Event,t,f,f,confirmed,exact_name,1.0,1,2026-06-23 10:55:33.119765+00
evt:137,37aebccd498ff0cc883b0d0a,137.0,Tampa Bay Classic,Tampa Bay Classic,"Nov 5 - 8, 2026",2026-11-05,2026-11-08,2026,11,"Tampa Bay, FL, USA",United States,USA,http://www.tbcwcs.com/,Registry Event,Registry Event,t,f,f,confirmed,exact_name,1.0,1,2026-06-23 10:55:33.119765+00
url:westiefest.org,2a18c1f364a291f4f9928bac,,Moscow Westie Fest Gala Edition,,"Nov 6 - 8, 2026",2026-11-06,2026-11-08,2026,11,"Moscow, Russia",Russia,RUS,http://westiefest.org/,Registry Event,Registry Event,t,f,f,new,none,0.0,1,2026-06-23 10:55:33.119765+00
evt:312,aa5efa615829cdccc05f424d,312.0,Westie Pink City,Westie Pink City,"Nov 6 - 8, 2026",2026-11-06,2026-11-08,2026,11,"Toulouse, France",France,FRA,http://www.westiepinkcity.fr/,Registry Event,Registry Event,t,f,f,confirmed,exact_name,1.0,1,2026-06-23 10:55:33.119765+00
evt:288,6c7a6245c6d0bdba6e3ca39d,288.0,Midnight Madness WCS 2026,Midnight Madness,"Nov 12 - 15, 2026",2026-11-12,2026-11-15,2026,11,"Dallas Ft. Worth, Texas, United States",United States,USA,http://www.midnightmadnesswcs.com/,Registry Event,Registry Event,t,f,f,confirmed,url,0.99,1,2026-06-23 10:55:33.119765+00
evt:376,6d27462b10b73cc31af716da,376.0,Northeast Swing Classic,Northeast Swing Classic,"Nov 12 - 15, 2026",2026-11-12,2026-11-15,2026,11,"Providence RI, RI, USA",United States,USA,http://www.northeastswingclassic.com/,Registry Event,Registry Event,t,f,f,confirmed,exact_name,1.0,1,2026-06-23 10:55:33.119765+00
evt:270,2cc789834be3ba9d6f496f75,270.0,Westie's Angels,Westie's Angels,"Nov 12 - 15, 2026",2026-11-12,2026-11-15,2026,11,"LYON, rhones, France",France,FRA,http://www.frenchywesty.com/,Registry Event,Registry Event,t,f,f,confirmed,exact_name,1.0,1,2026-06-23 10:55:33.119765+00
evt:269,9f3381c9ca7f0829dbd6b7a5,269.0,Autumn Swing Challenge,Autumn Swing Challenge,"Nov 13 - 15, 2026",2026-11-13,2026-11-15,2026,11,"Budapest, Hungary",Hungary,HUN,http://www.asc-budapest.com/,Registry Event,Registry Event,t,f,f,confirmed,exact_name,1.0,1,2026-06-23 10:55:33.119765+00
evt:365,46ccc909e1caf0069aee734a,365.0,Flowstate | West Coast Swing & Zouk Festival,Flowstate | West Coast Swing & Zouk Festival,"Nov 13 - 15, 2026",2026-11-13,2026-11-15,2026,11,"London, London, United Kingdom",United Kingdom,GBR,http://www.flowstatefest.com/,Registry Event,Registry Event,t,f,f,confirmed,exact_name,1.0,1,2026-06-23 10:55:33.119765+00
evt:181,d77c34c437ac161c6918fbf4,181.0,DC Swing eXperience (DCSX),DC Swing eXperience (DCSX),"Nov 19 - 22, 2026",2026-11-19,2026-11-22,2026,11,"Washington, DC., VA, USA",United States,USA,http://www.dcswingexperience.com/,Registry Event,Registry Event,t,f,f,confirmed,exact_name,1.0,1,2026-06-23 10:55:33.119765+00
evt:323,6e93d1b373c17f8d46b48af3,323.0,Rocket City Swing,Westies on the Water,"Nov 19 - 22, 2026",2026-11-19,2026-11-22,2026,11,"Huntsville, Alabama, USA",United States,USA,http://rocketcityswing.com/,Registry Event,Registry Event,t,f,f,confirmed,explicit,1.0,1,2026-06-23 10:55:33.119765+00
evt:68,7e1806f78d93719855097003,68.0,The Open Swing Dance  Championships,US Open Swing Dance Championships,"Nov 25 - 29, 2026",2026-11-25,2026-11-29,2026,11,"Los Angeles, CA, United States",United States,USA,http://www.theopenswing.com/,Registry Event,Registry Event,t,f,f,confirmed,url,0.925373134328358,1,2026-06-23 10:55:33.119765+00
evt:87,39721cb14cb1a28b0cb9930a,87.0,CASH Bash,CASH Bash,"Nov 26 - 29, 2026",2026-11-26,2026-11-29,2026,11,"Cleveland, OH, United States",United States,USA,https://cashdanceclub.org/cash-bash/,Registry Event,Registry Event,t,f,f,confirmed,exact_name,1.0,1,2026-06-23 10:55:33.119765+00
evt:212,97eb135e127073c6daee3b12,212.0,The After Party aka TAP,The After Party (TAP),"Dec 3 - 7, 2026",2026-12-03,2026-12-07,2026,12,"Orange County, CA, USA",United States,USA,http://www.tapwcs.com/,Registry Event,Registry Event,t,f,f,confirmed,url,0.863636363636364,1,2026-06-23 10:55:33.119765+00
evt:238,0d4c58ceaf835baa2113f218,238.0,Winter White,Winter White,"Dec 3 - 6, 2026",2026-12-03,2026-12-06,2026,12,"Oslo, Norway",Norway,NOR,http://www.winterwhite.no/,Registry Event,Registry Event,t,f,f,confirmed,exact_name,1.0,1,2026-06-23 10:55:33.119765+00
evt:271,f834b6a8821e2000d3f24be0,271.0,Berlin Swing Revolution,Berlin Swing Revolution,"Dec 10 - 13, 2026",2026-12-10,2026-12-13,2026,12,"Berlin, Berlin, Germany",Germany,DEU,https://berlinswingrevolution.com/,Registry Event,Registry Event,t,f,f,confirmed,exact_name,1.0,1,2026-06-23 10:55:33.119765+00
evt:377,49309596f969680bb9de4375,377.0,Santa Swing,Santa Swing,"Dec 10 - 14, 2026",2026-12-10,2026-12-14,2026,12,"Kraków, malopolska, Polska",Poland,POL,https://www.santaswing.pl/,Registry Event,Registry Event,t,f,f,confirmed,exact_name,1.0,1,2026-06-23 10:55:33.119765+00
evt:152,9a31883cf60e263f75d348e9,152.0,UCWDC Country Dance World Championships,Worlds UCWDC,Dec 28 2026 - Jan 3 2027,2026-12-28,2027-01-03,2027,1,"Orlando, FL",United States,USA,http://www.ucwdcworlds.com/,Registry Event,Registry Event,t,f,f,confirmed,explicit,1.0,1,2026-06-23 10:55:33.119765+00
evt:42,3d1a373a646fd7a9259aa177,42.0,Floorplay Swing Vacation,Floorplay Swing Vacation,Dec 30 2026 - Jan 3 2027,2026-12-30,2027-01-03,2027,1,"Orlando, Florida, United States",United States,USA,http://www.floorplayswingvacation.com/,Registry Event,Registry Event,t,f,f,confirmed,exact_name,1.0,1,2026-06-23 10:55:33.119765+00
evt:214,806db9430ca1669dbdd1db68,214.0,New Years Swing Fling,New Year's Swing Fling,Dec 30 2026 - Jan 3 2027,2026-12-30,2027-01-03,2027,1,"London, United Kingdom",United Kingdom,GBR,http://nysf.uk/,Registry Event,Registry Event,t,f,f,confirmed,explicit,1.0,1,2026-06-23 10:55:33.119765+00
evt:141,265041bf8f9831e810135cfd,141.0,Spotlight New Year's Celebration,Spotlight New Year's Celebration,Dec 30 2026 - Jan 3 2027,2026-12-30,2027-01-03,2027,1,"Nashville, TN, USA",United States,USA,http://www.spotlightnewyears.com/,Registry Event,Registry Event,t,f,f,confirmed,exact_name,1.0,1,2026-06-23 10:55:33.119765+00
evt:289,d8a575f459c377efad9e5a4b,289.0,SwingVester,SwingVester,Dec 30 2026 - Jan 4 2027,2026-12-30,2027-01-04,2027,1,"Wels, Austria, Austria",Austria,AUT,https://www.swingvester.com/,Registry Event,Registry Event,t,f,f,confirmed,exact_name,1.0,1,2026-06-23 10:55:33.119765+00
evt:334,b67285afe74986042474995d,334.0,Countdown Swing Boston,Countdown Swing Boston,Dec 31 2026 - Jan 3 2027,2026-12-31,2027-01-03,2027,1,"Boston, Massachusetts, United States",United States,USA,http://countdownswingboston.com/,Registry Event,Registry Event,t,f,f,confirmed,exact_name,1.0,1,2026-06-23 10:55:33.119765+00
evt:240,1fb9bccd04bd5603050fff13,240.0,Westie Gala,Sweden Westie Gala,Dec 31 2026 - Jan 4 2027,2026-12-31,2027-01-04,2027,1,"Stockholm, Stockholm, Sweden",Sweden,SWE,http://www.westiegala.com/,Registry Event,Registry Event,t,f,f,confirmed,url,0.99,1,2026-06-23 10:55:33.119765+00
evt:184,f0ac9f7662095c059e33b588,184.0,BudaFest Open WCS Championships,BudaFest Open WCS Championships,"Jan 5 - 10, 2027",2027-01-05,2027-01-10,2027,1,"Budapest, Budapest, Hungary",Hungary,HUN,http://wcs-budafest.com/,Registry Event,Registry Event,t,f,f,confirmed,exact_name,1.0,1,2026-06-23 10:55:33.119765+00
evt:196,8e9d2f0dbe5d184365b8112e,196.0,SwingCo,SwingCouver,"Jan 7 - 11, 2027",2027-01-07,2027-01-11,2027,1,"Portland, OR, USA",United States,USA,https://swingco.dance/,Registry Event,Registry Event,t,f,f,confirmed,url,0.99,1,2026-06-23 10:55:33.119765+00
evt:200,02fe2e08635061dd65b6643b,200.0,Austin Swing Dance Championships,Austin Swing Dance Championships,"Jan 14 - 17, 2027",2027-01-14,2027-01-17,2027,1,"Austin, Texas, USA",United States,USA,https://austinswingdance.com/,Registry Event,Registry Event,t,f,f,confirmed,exact_name,1.0,1,2026-06-23 10:55:33.119765+00
url:colognecallingwcs.com,adf527827352752eb5e8d2d7,,Cologne Calling WCS,,"Jan 14 - 17, 2027",2027-01-14,2027-01-17,2027,1,"Köln, NRW, Germany",Germany,DEU,https://colognecallingwcs.com/,Trial Event,Trial Event,t,f,f,new,none,0.0,1,2026-06-23 10:55:33.119765+00
evt:309,e1d9833f24ce487d85fdd220,309.0,Avignon City Swing,Avignon City Swing,"Jan 15 - 17, 2027",2027-01-15,2027-01-17,2027,1,"Nimes, Occitanie, France",France,FRA,https://www.avignoncityswing.com/,Registry Event,Registry Event,t,f,f,confirmed,exact_name,1.0,1,2026-06-23 10:55:33.119765+00
evt:62,4e8f029ff9764913b91ef381,62.0,Monterey Swing Fest,Monterey SwingFest,"Jan 15 - 17, 2027",2027-01-15,2027-01-17,2027,1,"Monterey, Ca, Usa",United States,USA,http://www.montereyswing.com/,Registry Event,Registry Event,t,f,f,confirmed,url,0.972972972972973,1,2026-06-23 10:55:33.119765+00
evt:242,fd4820df09caec60306ecb5c,242.0,Derby City Swing,Derby City Swing,"Jan 21 - 24, 2027",2027-01-21,2027-01-24,2027,1,"Louisville, Kentucky, United States",United States,USA,https://derbycityswing.com/,Registry Event,Registry Event,t,f,f,confirmed,exact_name,1.0,1,2026-06-23 10:55:33.119765+00
evt:301,348e923e061ad80ae931705c,301.0,SWING RESOLUTION,Swing Resolution,"Jan 21 - 25, 2027",2027-01-21,2027-01-25,2027,1,"Edinburgh, United Kingdom, United Kingdom, United Kingdom",United Kingdom,GBR,http://www.swingresolution.com/,Registry Event,Registry Event,t,f,f,confirmed,url,1.0,1,2026-06-23 10:55:33.119765+00
evt:183,885bf306df9d2904e6719f8b,183.0,Freedom Swing Dance Challenge,Freedom Swing Dance Challenge,"Jan 22 - 24, 2027",2027-01-22,2027-01-24,2027,1,"Wilmington, DE, United States",United States,USA,https://freedomswingdance.com/,Registry Event,Registry Event,t,f,f,confirmed,exact_name,1.0,1,2026-06-23 10:55:33.119765+00
url:swing-in-paris.com,85b951311b00be3a4ee3d5ae,,Swing In Paris,,"Jan 22 - 25, 2027",2027-01-22,2027-01-25,2027,1,"PARIS, IDF, France",France,FRA,http://swing-in-paris.com/,Trial Event,Trial Event,t,f,f,new,none,0.0,1,2026-06-23 10:55:33.119765+00
evt:273,456e9587ab408a61ee8fb8dd,273.0,Charlotte WestieFest,Charlotte Westie Fest,"Feb 4 - 7, 2027",2027-02-04,2027-02-07,2027,2,"Charlotte, NC, USA, North Carolina, USA",United States,USA,https://charlottewestiefest.com/,Registry Event,Registry Event,t,f,f,confirmed,explicit,1.0,1,2026-06-23 10:55:33.119765+00
evt:215,d7984f99b7b4eb2801ee886d,215.0,Swing & Snow,Swing & Snow,"Feb 4 - 7, 2027",2027-02-04,2027-02-07,2027,2,"St. Petersburg,  Russia",Russia,RUS,http://swingandsnow.ru/,Registry Event,Registry Event,t,f,f,confirmed,exact_name,1.0,1,2026-06-23 10:55:33.119765+00
evt:258,a62ad73a60b0e6e6f9fa2e10,258.0,Swingtzerland,Swingtzerland,"Feb 4 - 7, 2027",2027-02-04,2027-02-07,2027,2,"Zürich, Zurich, Switzerland",Switzerland,CHE,https://swingtzerland.com/,Registry Event,Registry Event,t,f,f,confirmed,exact_name,1.0,1,2026-06-23 10:55:33.119765+00
evt:387,94dd6b167f835a486ea3ebec,387.0,Waterloo Ontario Open West Coast Swing Championships,Waterloo Ontario Open West Coast Swing Championships,"Feb 4 - 7, 2027",2027-02-04,2027-02-07,2027,2,"Waterloo, Ontario, Canada",United States,USA,http://www.waterlooopenwcs.com/,Registry Event,Registry Event,t,f,f,confirmed,exact_name,1.0,1,2026-06-23 10:55:33.119765+00
evt:363,1150c8d16a7c652d14f37329,363.0,Trinity Swing,Trinity Swing,"Feb 5 - 7, 2027",2027-02-05,2027-02-07,2027,2,"Dundalk, County Louth, Ireland",Ireland,IRL,http://www.trinityswing.com/,Registry Event,Registry Event,t,f,f,confirmed,exact_name,1.0,1,2026-06-23 10:55:33.119765+00
evt:348,a4f568d45ef14d2c739e3f69,348.0,Euro Dance Festival,Euro Dance Festival,"Feb 9 - 14, 2027",2027-02-09,2027-02-14,2027,2,"Rust, Baden-Württemberg, Deutschland",Germany,DEU,https://www.euro-dance-festival.com/,Registry Event,Registry Event,t,f,f,confirmed,exact_name,1.0,4,2026-06-23 10:55:33.119765+00
evt:12,acbb3f4971f5ed55a4699a8c,12.0,Capital Swing Convention,Capital Swing Dance Convention,"Feb 11 - 14, 2027",2027-02-11,2027-02-14,2027,2,"Sacramento, CA, USA",United States,USA,http://www.capitalswingconvention.com/,Registry Event,Registry Event,t,f,f,confirmed,url,0.888888888888889,1,2026-06-23 10:55:33.119765+00
evt:344,a6cf29c8f6b7b6f1bd2801ec,344.0,Arousa Westie Fest,Arousa Westie Fest,"Feb 18 - 21, 2027",2027-02-18,2027-02-21,2027,2,"Sanxenxo, Galicia/Pontevedra, Spain",Spain,ESP,https://www.arousawestiefest.com/,Registry Event,Registry Event,t,f,f,confirmed,exact_name,1.0,1,2026-06-23 10:55:33.119765+00
evt:343,00ed3769889c16f69af8e633,343.0,Swing Crush,Swing Crush,"Feb 18 - 22, 2027",2027-02-18,2027-02-22,2027,2,"San Antonio, TX",United States,USA,https://swingcrush.com/,Registry Event,Registry Event,t,f,f,confirmed,exact_name,1.0,1,2026-06-23 10:55:33.119765+00
evt:386,c49284ca484a8983ae077ae6,386.0,Prague Alchemy Swing,Prague Alchemy Swing,"Feb 19 - 21, 2027",2027-02-19,2027-02-21,2027,2,"Prague, Czech Republic",Czech Republic,CZE,https://praguealchemyswing.cz/,Registry Event,Registry Event,t,f,f,confirmed,exact_name,1.0,1,2026-06-23 10:55:33.119765+00
evt:272,01c352eca6290e6d6169e2ca,272.0,Paris Swing Classic,Paris Westie Fest,"Feb 25 - Mar 1, 2027",2027-02-25,2027-03-01,2027,3,"Paris, France/Paris, France",France,FRA,http://https//parisswingclassic.com,Registry Event,Registry Event,t,f,f,confirmed,explicit,1.0,1,2026-06-23 10:55:33.119765+00
evt:244,4f69295ab8d7604e6cf80d04,244.0,Rose City Swing,Rose City Swing,"Feb 25 - 28, 2027",2027-02-25,2027-02-28,2027,2,"Portland, OR, United States",United States,USA,https://rosecityswing.com/,Registry Event,Registry Event,t,f,f,confirmed,exact_name,1.0,1,2026-06-23 10:55:33.119765+00
evt:394,0c198929a933851cbd90fd14,394.0,Southern Lights Swing,Southern Lights Swing,"Feb 25 - 28, 2027",2027-02-25,2027-02-28,2027,2,"Hobart, Tasmania, Australia",Australia,AUS,http://www.southernlightsswing.com.au/,Registry Event,Registry Event,t,f,f,confirmed,exact_name,1.0,1,2026-06-23 10:55:33.119765+00
evt:297,7b3d6fff92c0354d3876aa80,297.0,Winter Coast Swing,Winter Coast Swing,"Feb 25 - 28, 2027",2027-02-25,2027-02-28,2027,2,"Kuopio, Leppävirta, Finland",Finland,FIN,https://www.wintercoastswing.com/,Registry Event,Registry Event,t,f,f,confirmed,exact_name,1.0,1,2026-06-23 10:55:33.119765+00
evt:378,46bf56ad183180f8570e88f4,378.0,New York Flow Festival,New York Flow Festival,"Feb 26 - 28, 2027",2027-02-26,2027-02-28,2027,2,"New York City, NY, US",United States,USA,https://www.flowfest.nyc/,Registry Event,Registry Event,t,f,f,confirmed,exact_name,1.0,1,2026-06-23 10:55:33.119765+00
evt:92,1373dc45d44794e1f62c553f,92.0,MADjam (Mid Atlantic Dance Jam),Mid-Atlantic Dance Jam,"Mar 4 - 8, 2027",2027-03-04,2027-03-08,2027,3,"Washington, DC, VA, USA",United States,USA,http://www.atlanticdancejam.com/,Registry Event,Registry Event,t,f,f,confirmed,url,0.99,1,2026-06-23 10:55:33.119765+00
evt:232,025937ca39e86c62d3fb8333,232.0,Norway Westie Fest,Norway Westie Fest,"Mar 5 - 8, 2027",2027-03-05,2027-03-08,2027,3,"Trondheim, Norway",Norway,NOR,https://www.norwaywestiefest.com/,Trial Event,Trial Event,t,f,f,confirmed,exact_name,1.0,1,2026-06-23 10:55:33.119765+00
evt:333,97caf01900cc44471500cc66,333.0,Swingvasion,Swingvasion,"Mar 5 - 7, 2027",2027-03-05,2027-03-07,2027,3,"Wellington,  New Zealand",New Zealand,NZL,https://swingvasion.nz/,Registry Event,Registry Event,t,f,f,confirmed,exact_name,1.0,1,2026-06-23 10:55:33.119765+00
evt:197,d2605cdb9c5528d401dfc5f0,197.0,5280 Westival,5280 Westival,"Mar 11 - 15, 2027",2027-03-11,2027-03-15,2027,3,"Denver, CO, USA",United States,USA,http://www.5280westival.com/,Registry Event,Registry Event,t,f,f,confirmed,exact_name,1.0,1,2026-06-23 10:55:33.119765+00
evt:275,ac9861f3c21a0de7441dda4e,275.0,Dutch Open Wcs,Dutch Open West Coast Swing,"Mar 11 - 14, 2027",2027-03-11,2027-03-14,2027,3,"Venray, Limburg, Nederland",Netherlands,NLD,http://www.dutchopenwcs.com/,Registry Event,Registry Event,t,f,f,confirmed,url,0.99,1,2026-06-23 10:55:33.119765+00
evt:153,5cb418e1cefe86f59aa9c02c,153.0,H-Town Throw Down 2027,Novice Invitational,"Mar 11 - 14, 2027",2027-03-11,2027-03-14,2027,3,"Houston, Texas, United States",United States,USA,http://www.htownthrowdownwcs.com/,Registry Event,Registry Event,t,f,f,confirmed,explicit,1.0,1,2026-06-23 10:55:33.119765+00
evt:314,cbc982b65580c7c59ae375fc,314.0,Westie Spring Thing,Westie Spring Thing,"Mar 11 - 14, 2027",2027-03-11,2027-03-14,2027,3,"Budapest, Budapest, Hungary",Hungary,HUN,https://westiespringthing.com/,Registry Event,Registry Event,t,f,f,confirmed,exact_name,1.0,1,2026-06-23 10:55:33.119765+00
evt:143,22c83f815d1f7c50990efe55,143.0,High Desert Dance Classic,High Desert Dance Classic,"Mar 12 - 14, 2027",2027-03-12,2027-03-14,2027,3,"Lancaster,  CA, United States",United States,USA,http://www.highdesertdanceclassic.com/,Registry Event,Registry Event,t,f,f,confirmed,exact_name,1.0,1,2026-06-23 10:55:33.119765+00
evt:292,16342930deeee3448a06aa86,292.0,King Swing,King Swing,"Mar 18 - 22, 2027",2027-03-18,2027-03-22,2027,3,"Kraków, malopolska, Polska",Poland,POL,https://kingswing.pl/,Registry Event,Registry Event,t,f,f,confirmed,exact_name,1.0,1,2026-06-23 10:55:33.119765+00
evt:142,ef86cc2d04c4085fa11b168a,142.0,The Chicago Classic,The Chicago Classic,"Mar 18 - 21, 2027",2027-03-18,2027-03-21,2027,3,"Chicago, IL, United States",United States,USA,https://thechicagoclassic.com/,Registry Event,Registry Event,t,f,f,confirmed,exact_name,1.0,1,2026-06-23 10:55:33.119765+00
evt:186,cc64d82b7e7b5bc97ab01192,186.0,West In Lyon,West in Lyon,"Mar 18 - 22, 2027",2027-03-18,2027-03-22,2027,3,"LYON, Rhône-Alpes, France",France,FRA,http://www.west-in-lyon.fr/,Registry Event,Registry Event,t,f,f,confirmed,url,1.0,1,2026-06-23 10:55:33.119765+00
evt:9,c0545522b66295dbe663f22b,9.0,The Boston Tea Party,Boston Tea Party,"Mar 19 - 22, 2027",2027-03-19,2027-03-22,2027,3,"Boston, MA, US",United States,USA,http://teapartyswings.com/,Registry Event,Registry Event,t,f,f,confirmed,url,0.888888888888889,1,2026-06-23 10:55:33.119765+00
evt:18,aa533072fad248f8c14e2bfa,18.0,Easter Swing,Seattle's Easter Swing,"Mar 25 - 28, 2027",2027-03-25,2027-03-28,2027,3,"Seattle, WA, United States",United States,USA,https://easterswing.org/,Registry Event,Registry Event,t,f,f,confirmed,url,0.99,1,2026-06-23 10:55:33.119765+00
evt:132,242d95ad21d0060d7ca2609a,132.0,TULSA SPRING SWING,Tulsa Spring Swing,"Mar 25 - 28, 2027",2027-03-25,2027-03-28,2027,3,"Tulsa, OK, Ok, United States",United States,USA,http://www.tulsaspringswing.com/,Registry Event,Registry Event,t,f,f,confirmed,url,1.0,1,2026-06-23 10:55:33.119765+00
evt:154,29a5754366eff0b24ddda947,154.0,UK West Coast Swing Championships,UK WCS Championships,"Mar 25 - 29, 2027",2027-03-25,2027-03-29,2027,3,"London, West Drayton, United Kingdom",United Kingdom,GBR,http://www.ukwcschamps.com/,Registry Event,Registry Event,t,f,f,confirmed,url,0.99,1,2026-06-23 10:55:33.119765+00
url:franconian-swing-project.de,f0946489d01ea007f2e64d27,,Franconian Swing Project,,"Apr 8 - 11, 2027",2027-04-08,2027-04-11,2027,4,"Nürnberg, Bavaria, Germany",Germany,DEU,https://franconian-swing-project.de/,Trial Event,Trial Event,t,f,f,new,none,0.0,1,2026-06-23 10:55:33.119765+00
evt:218,9eb4e92c441cadd7a288df00,218.0,Asia WCS Open 2027,Asia West Coast Swing Open,"Apr 15 - 18, 2027",2027-04-15,2027-04-18,2027,4,"Singapore, Singapore",Singapore,SGP,https://asiawcsopen.com/,Registry Event,Registry Event,t,f,f,confirmed,url,0.99,1,2026-06-23 10:55:33.119765+00
evt:293,12dd04939cc7c2cf4c940810,293.0,WESTY NANTES,Westy Nantes,"Apr 16 - 18, 2027",2027-04-16,2027-04-18,2027,4,"Nantes, Loire-Atlantique, France",France,FRA,https://www.westynantes.com/,Registry Event,Registry Event,t,f,f,confirmed,url,1.0,1,2026-06-23 10:55:33.119765+00
evt:203,177ab9b6fc92e510ecae6a30,203.0,Detonation Dance,Detonation Dance,"Apr 22 - 26, 2027",2027-04-22,2027-04-26,2027,4,"Manchester, Manchester, United Kingdom",United Kingdom,GBR,http://www.detonationdance.com/,Registry Event,Registry Event,t,f,f,confirmed,exact_name,1.0,1,2026-06-23 10:55:33.119765+00
evt:345,ee85219d85cfa5e99b61ddc5,345.0,HONEY FEST,HONEY FEST,"Apr 22 - 25, 2027",2027-04-22,2027-04-25,2027,4,"Ufa, Russia",Russia,RUS,https://t.me/honeyfest,Registry Event,Registry Event,t,f,f,confirmed,exact_name,1.0,1,2026-06-23 10:55:33.119765+00
evt:393,2b18442eca2b6a3d1356183f,393.0,Swing in Bloom,Swing in Bloom,"Apr 22 - 25, 2027",2027-04-22,2027-04-25,2027,4,"Ottawa, Ontario, Canada",Canada,CAN,http://www.swinginbloom.ca/,Registry Event,Registry Event,t,f,f,confirmed,exact_name,1.0,1,2026-06-23 10:55:33.119765+00
evt:370,ed28cf4dab1b3dfc9b062ec2,370.0,SwingIn Festival,SwingIN Festival,"Apr 22 - 25, 2027",2027-04-22,2027-04-25,2027,4,"Bonn, NRW, Germany",Germany,DEU,http://www.swinginfestival.de/,Registry Event,Registry Event,t,f,f,confirmed,fuzzy,1.0,1,2026-06-23 10:55:33.119765+00
evt:259,6c46998cf8a8dec506bd7952,259.0,Swingover 2027,Swingover,"Apr 22 - 25, 2027",2027-04-22,2027-04-25,2027,4,"Orlando, Florida, USA",United States,USA,http://swingoverevent.com/,Registry Event,Registry Event,t,f,f,confirmed,url,0.99,1,2026-06-23 10:55:33.119765+00
evt:347,d1667c2ae99fb9bc30249db0,347.0,BeeMAD,BeeMAD,"Apr 29 - May 2, 2027",2027-04-29,2027-05-02,2027,5,"Madrid, Spain",Spain,ESP,https://beemadwcs.com/,Registry Event,Registry Event,t,f,f,confirmed,exact_name,1.0,1,2026-06-23 10:55:33.119765+00
evt:116,f0e8aab92071237f14b7b6cc,116.0,Calgary Dance Stampede,Calgary Dance Stampede,"Apr 29 - May 2, 2027",2027-04-29,2027-05-02,2027,5,"Calgary, AB, Canada",Canada,CAN,http://www.calgarydancestampede.com/,Registry Event,Registry Event,t,f,f,confirmed,exact_name,1.0,1,2026-06-23 10:55:33.119765+00
evt:187,dbfc1fe3a5123bc308791fa9,187.0,City of Angels WCS,City of Angels WCS,"Apr 29 - May 2, 2027",2027-04-29,2027-05-02,2027,5,"Burbank, California, California, USA",United States,USA,https://cityofangelswcs.com/,Registry Event,Registry Event,t,f,f,confirmed,exact_name,1.0,1,2026-06-23 10:55:33.119765+00
evt:144,1cd8866ac523c42ccdc69640,144.0,Swingin' Into Spring,Swingin' Into Spring,"Apr 29 - May 2, 2027",2027-04-29,2027-05-02,2027,5,"Hartford, CT",United States,USA,http://www.sis.djkenm.com/,Registry Event,Registry Event,t,f,f,confirmed,exact_name,1.0,1,2026-06-23 10:55:33.119765+00
evt:372,42e5533ac3e6733ad67540c9,372.0,Westie Weekend,Dance Jam Jack & Jill Weekend,"May 7 - 9, 2027",2027-05-07,2027-05-09,2027,5,"Washington DC, MD, USA",United States,USA,https://dancejamproductions.com/westieweekend/,Registry Event,Registry Event,t,f,f,confirmed,explicit,1.0,1,2026-06-23 10:55:33.119765+00
evt:205,dec2d01cf6c276393794e498,205.0,SOswing,SOswing,"May 13 - 16, 2027",2027-05-13,2027-05-16,2027,5,"Ashland, OR, United States",United States,USA,http://wwww.soswingdance.com/,Registry Event,Registry Event,t,f,f,confirmed,exact_name,1.0,1,2026-06-23 10:55:33.119765+00
evt:174,806f183da786d88a1b7652c3,174.0,Swingsation,Swingsation,"May 13 - 17, 2027",2027-05-13,2027-05-17,2027,5,"Gold Coast, Queensland, Australia",Australia,AUS,https://rawconnection.com.au/swingsation/,Registry Event,Registry Event,t,f,f,confirmed,exact_name,1.0,1,2026-06-23 10:55:33.119765+00
evt:22,5bf826dc40b0b2ef68b8a310,22.0,USA Grand National Dance Championships,USA Grand Nationals,"May 27 - 31, 2027",2027-05-27,2027-05-31,2027,5,"Atlanta, GA, United States",United States,USA,http://www.usagrandnationals.com/,Registry Event,Registry Event,t,f,f,confirmed,explicit,1.0,1,2026-06-23 10:55:33.119765+00
evt:371,0c55437ea3471cb9627e5409,371.0,Festival City Swing,Festival City Swing,"Jun 3 - 7, 2027",2027-06-03,2027-06-07,2027,6,"Newcastle,  United Kingdom",United Kingdom,GBR,https://www.fcswing.co.uk/,Registry Event,Registry Event,t,f,f,confirmed,exact_name,1.0,1,2026-06-23 10:55:33.119765+00
evt:76,7b8c80b13cc2108ada2f6047,76.0,Michigan Classic,Michigan Dance Classic,"Jun 3 - 6, 2027",2027-06-03,2027-06-06,2027,6,"Detroit, Michigan, USA",United States,USA,http://michiganclassicswing.com/,Registry Event,Registry Event,t,f,f,confirmed,url,0.99,1,2026-06-23 10:55:33.119765+00
evt:220,f3e67b27f73d8a0298f1ae4c,220.0,D-TOWNSWING 2027,D-Town Swing,"Jun 10 - 13, 2027",2027-06-10,2027-06-13,2027,6,"Boston Club, NRW, Germany",Germany,DEU,http://www.d-townswing.com/,Registry Event,Registry Event,t,f,f,confirmed,url,0.99,1,2026-06-23 10:55:33.119765+00
